id,observed_on_string,observed_on,time_observed_at,time_zone,user_id,user_login,created_at,updated_at,quality_grade,license,url,image_url,sound_url,tag_list,description,num_identification_agreements,num_identification_disagreements,captive_cultivated,oauth_application_id,place_guess,latitude,longitude,positional_accuracy,geoprivacy,taxon_geoprivacy,coordinates_obscured,positioning_method,positioning_device,species_guess,scientific_name,common_name,iconic_taxon_name,taxon_id
3729559,2016/07/23 1:25 PM CEST,2016-07-23,2016-07-23 11:25:00 UTC,Paris,63000,qgroom,2016-07-23 15:02:01 UTC,2017-11-16 21:31:07 UTC,research,CC0,http://www.inaturalist.org/observations/3729559,https://static.inaturalist.org/photos/4332275/medium.jpg?1469286068,,"",on Lavandula angustifolia,1,0,false,,"Tervuren, Belgium",50.835884,4.53494,6,,,false,,,Painted Lady,Vanessa cardui,Painted Lady,Insecta,48548
4877012,2017/01/01 11:18 AM CET,2017-01-01,2017-01-01 10:18:00 UTC,Paris,63000,qgroom,2017-01-01 11:32:31 UTC,2020-12-30 07:18:31 UTC,research,CC0,https://www.inaturalist.org/observations/4877012,https://static.inaturalist.org/photos/5928447/medium.jpeg?1483270320,,"",,2,0,false,,"Tervuren, Belgium",50.8359404889,4.5350682735,15,,open,false,,,European Robin,Erithacus rubecula,European Robin,Aves,13094
4877014,2017/01/01 10:31 AM CET,2017-01-01,2017-01-01 09:31:00 UTC,Paris,63000,qgroom,2017-01-01 11:33:33 UTC,2020-08-07 02:32:27 UTC,research,CC0,https://www.inaturalist.org/observations/4877014,https://static.inaturalist.org/photos/5928449/medium.jpeg?1483270380,,"","",1,0,false,,"Tervuren, Belgium",50.8359066103,4.5351326466,15,,open,false,,,Eurasian Blackbird,Turdus merula,Eurasian Blackbird,Aves,12716
5021979,2017/01/29 4:21 PM CET,2017-01-29,2017-01-29 15:21:00 UTC,Paris,63000,qgroom,2017-01-29 15:08:25 UTC,2020-12-04 18:27:31 UTC,research,CC0,https://www.inaturalist.org/observations/5021979,https://static.inaturalist.org/photos/6145403/medium.jpeg?1485702433,,"",,2,0,false,,"Tervuren, Belgium",50.8358253015,4.5350682735,15,,,false,,,European Bramble Complex,Rubus fruticosus,European bramble complex,Plantae,55911
5021980,2017/01/29 4:24 PM CET,2017-01-29,2017-01-29 15:24:00 UTC,Paris,63000,qgroom,2017-01-29 15:08:25 UTC,2017-11-16 21:31:09 UTC,research,CC0,https://www.inaturalist.org/observations/5021980,https://static.inaturalist.org/photos/6145406/medium.jpeg?1485702457,,"",,1,0,false,,"Tervuren, Belgium",50.8358253015,4.5350682735,15,,,false,,,Grey-cushioned Grimmia,Grimmia pulvinata,Grey-cushioned Grimmia,Plantae,56117
5021981,2017/01/29 4:23 PM CET,2017-01-29,2017-01-29 15:23:00 UTC,Paris,63000,qgroom,2017-01-29 15:08:25 UTC,2017-11-16 21:31:15 UTC,research,CC0,https://www.inaturalist.org/observations/5021981,https://static.inaturalist.org/photos/6145404/medium.jpeg?1485702440,,"",,1,0,false,,"Tervuren, Belgium",50.8358253015,4.5350682735,15,,,false,,,Square Gooseneck Moss,Rhytidiadelphus squarrosus,Square Gooseneck Moss,Plantae,123754
5280125,2017-03-11 8:31:41 a.m. CET,2017-03-11,2017-03-11 07:31:41 UTC,Paris,63000,qgroom,2017-03-11 07:33:31 UTC,2017-11-16 21:31:08 UTC,research,CC0,https://www.inaturalist.org/observations/5280125,https://static.inaturalist.org/photos/6528361/medium.jpeg?1489217621,,"","",1,0,false,2,"louis pelserssquare 1, Tervuren",50.835901,4.534532,177,,,false,,,English Plantain,Plantago lanceolata,ribwort plantain,Plantae,53178
5280968,2017/03/11 3:44 PM CET,2017-03-11,2017-03-11 14:44:00 UTC,Paris,63000,qgroom,2017-03-11 14:36:22 UTC,2018-04-27 15:54:22 UTC,needs_id,CC0,https://www.inaturalist.org/observations/5280968,https://static.inaturalist.org/photos/6529656/medium.jpeg?1489242945,,"","",0,0,false,,"Louis Pelserssquare 1, 3080 Tervuren, Belgium",50.8358913,4.5345418,54,,,false,,,Bumble Bees,Bombus terrestris,Buff-tailed Bumble Bee,Insecta,57516
5280969,2017/03/11 3:46 PM CET,2017-03-11,2017-03-11 14:46:00 UTC,Paris,63000,qgroom,2017-03-11 14:36:22 UTC,2017-11-16 21:29:39 UTC,research,CC0,https://www.inaturalist.org/observations/5280969,https://static.inaturalist.org/photos/6529653/medium.jpeg?1489242939,,"","",1,0,false,,"Louis Pelserssquare 1, 3080 Tervuren, Belgium",50.8358913,4.5345418,54,,,false,,,Tree Bumblebee,Bombus hypnorum,Tree Bumble Bee,Insecta,61803
5288557,2017-03-12 1:24:11 p.m. CET,2017-03-12,2017-03-12 12:24:11 UTC,Paris,63000,qgroom,2017-03-12 12:25:21 UTC,2019-09-16 06:37:35 UTC,research,CC0,https://www.inaturalist.org/observations/5288557,https://static.inaturalist.org/photos/6541438/medium.jpeg?1489321547,,,,2,0,false,2,Leuvensesteenweg 98 3080 Tervuren,50.83594698,4.53514751,10,,,false,,,Comma,Polygonia c-album,European Comma,Insecta,56225
6222247,2017-05-15 6:54:21 pm CEST,2017-05-15,2017-05-15 16:54:21 UTC,Paris,63000,qgroom,2017-05-15 16:56:16 UTC,2020-09-02 18:02:20 UTC,research,CC0,https://www.inaturalist.org/observations/6222247,https://static.inaturalist.org/photos/7817513/medium.jpeg?1494867456,,"","",4,0,false,2,Louis Pelserssquare 2 3080 Tervuren,50.835741,4.534918,13,,,false,gps,gps,Gendarme,Pyrrhocoris apterus,European Firebug,Insecta,55610
6222260,2017-05-15 6:56:35 pm CEST,2017-05-15,2017-05-15 16:56:35 UTC,Paris,63000,qgroom,2017-05-15 16:58:16 UTC,2020-12-13 19:27:16 UTC,needs_id,CC0,https://www.inaturalist.org/observations/6222260,https://static.inaturalist.org/photos/7817528/medium.jpeg?1494867511,,"","",3,0,false,2,Louis Pelserssquare 2 3080 Tervuren,50.83583274,4.53504982,3,,,false,,,Anthophila,Anthophila,Bees,Insecta,630955
6222264,2017-05-15 6:58:11 pm CEST,2017-05-15,2017-05-15 16:58:11 UTC,Paris,63000,qgroom,2017-05-15 16:58:52 UTC,2017-11-16 21:29:58 UTC,needs_id,CC0,https://www.inaturalist.org/observations/6222264,https://static.inaturalist.org/photos/7817532/medium.jpeg?1494867547,,"","",1,0,false,2,Louis Pelserssquare 2 3080 Tervuren,50.83584724,4.53504526,4,,,false,,,Bumble Bees,Bombus,Bumble Bees,Insecta,52775
6222272,2017-05-15 6:58:55 pm CEST,2017-05-15,2017-05-15 16:58:55 UTC,Paris,63000,qgroom,2017-05-15 16:59:56 UTC,2017-11-16 21:29:59 UTC,research,CC0,https://www.inaturalist.org/observations/6222272,https://static.inaturalist.org/photos/7817548/medium.jpeg?1494867613,,"",,2,0,false,2,Louis Pelserssquare 2 3080 Tervuren,50.83578302,4.53504877,3,,,false,,,Goldenrod Crab Spider,Misumena vatia,Goldenrod Crab Spider,Arachnida,55746
6260658,2017-05-18 6:29:28 pm CEST,2017-05-18,2017-05-18 16:29:28 UTC,Paris,63000,qgroom,2017-05-18 16:32:14 UTC,2017-11-16 21:29:57 UTC,research,CC0,https://www.inaturalist.org/observations/6260658,https://static.inaturalist.org/photos/7873806/medium.jpeg?1495125388,,"",,1,0,false,2,Louis Pelserssquare 2 3080 Tervuren,50.83574026,4.53498397,5,,,false,,,Criocère de l'asperge,Crioceris asparagi,Common Asparagus Beetle,Insecta,127309
6301225,2017-05-21 3:18:33 pm CEST,2017-05-21,2017-05-21 13:18:33 UTC,Paris,63000,qgroom,2017-05-21 13:21:16 UTC,2019-02-21 13:12:34 UTC,needs_id,CC0,https://www.inaturalist.org/observations/6301225,https://static.inaturalist.org/photos/7932920/medium.jpeg?1495372883,,"",,5,0,false,2,Louis Pelserssquare 2 3080 Tervuren,50.83577608,4.53505389,4,,,false,,,Bourdon,Bombus,Bumble Bees,Insecta,52775
6301246,2017-05-21 3:21:42 pm CEST,2017-05-21,2017-05-21 13:21:42 UTC,Paris,63000,qgroom,2017-05-21 13:23:37 UTC,2017-11-16 21:30:00 UTC,research,CC0,https://www.inaturalist.org/observations/6301246,https://static.inaturalist.org/photos/7932955/medium.jpeg?1495373030,,"","",1,0,false,2,Louis Pelserssquare 2 3080 Tervuren,50.8357644,4.535013,4,,,false,,,Wasp Beetle,Clytus arietis,Wasp Beetle,Insecta,124540
6301409,2017-05-21 3:34:32 pm CEST,2017-05-21,2017-05-21 13:34:32 UTC,Paris,63000,qgroom,2017-05-21 13:34:56 UTC,2019-10-09 14:27:10 UTC,research,CC0,https://www.inaturalist.org/observations/6301409,https://static.inaturalist.org/photos/7933307/medium.jpeg?1495375148,,"","",3,0,false,2,Louis Pelserssquare 6 3080 Tervuren,50.83569605,4.53494315,4,,,false,,,Punaise des baies,Dolycoris baccarum,Sloe Bug,Insecta,51666
6320414,2017-05-22 7:27:18 pm CEST,2017-05-22,2017-05-22 17:27:18 UTC,Paris,63000,qgroom,2017-05-22 17:29:15 UTC,2019-12-24 12:04:12 UTC,needs_id,CC0,https://www.inaturalist.org/observations/6320414,https://static.inaturalist.org/photos/7959976/medium.jpeg?1495474164,,"","",2,0,false,2,Leuvensesteenweg 98 3080 Tervuren,50.8358955383,4.53520298,,,,false,gps,gps,Heliophanus,Heliophanus,Sun Jumping Spiders,Arachnida,141760
6401361,2017/05/28 5:07 PM CEST,2017-05-28,2017-05-28 15:07:00 UTC,Paris,63000,qgroom,2017-05-28 15:55:09 UTC,2017-11-16 21:29:34 UTC,research,CC0,https://www.inaturalist.org/observations/6401361,https://static.inaturalist.org/photos/8075120/medium.jpeg?1495986909,,"","",1,0,false,,"Louis Pelserssquare, 3080 Tervuren, Belgium",50.8358503,4.5347168,28,,,false,,,Thick-legged Flower Beetle,Oedemera nobilis,Thick-legged Flower Beetle,Insecta,61844
6401423,2017/05/28 4:52 PM CEST,2017-05-28,2017-05-28 14:52:00 UTC,Paris,63000,qgroom,2017-05-28 16:02:41 UTC,2017-11-16 21:29:21 UTC,research,CC0,https://www.inaturalist.org/observations/6401423,https://static.inaturalist.org/photos/8075213/medium.jpeg?1495987362,,"","",1,0,false,,"Tervuren, Belgium",50.8357981985,4.5349502563,31,,,false,,,Common Blue Damselfly,Enallagma cyathigerum,Common Blue Damselfly,Insecta,99901
6477990,2017/06/03 12:45 PM CEST,2017-06-03,2017-06-03 10:45:00 UTC,Paris,63000,qgroom,2017-06-03 12:03:02 UTC,2020-08-13 20:45:28 UTC,research,CC0,https://www.inaturalist.org/observations/6477990,https://static.inaturalist.org/photos/8193096/medium.jpeg?1496491149,,"",,1,0,false,,"Tervuren, Belgium",50.8357981985,4.534971714,31,,,false,,,Zwölfpunkt-Spargelkäfer,Crioceris duodecimpunctata,Spotted Asparagus Beetle,Insecta,217763
6477991,2017/06/03 12:36 PM CEST,2017-06-03,2017-06-03 10:36:00 UTC,Paris,63000,qgroom,2017-06-03 12:03:02 UTC,2019-12-24 12:06:06 UTC,needs_id,CC0,https://www.inaturalist.org/observations/6477991,https://static.inaturalist.org/photos/8193093/medium.jpeg?1496491116,,"","",2,0,false,,"Tervuren, Belgium",50.8357981985,4.534971714,31,,,false,,,Heliophanus,Heliophanus,Sun Jumping Spiders,Arachnida,141760
6477992,2017/06/03 12:47 PM CEST,2017-06-03,2017-06-03 10:47:00 UTC,Paris,63000,qgroom,2017-06-03 12:03:02 UTC,2017-11-16 21:30:08 UTC,needs_id,CC0,https://www.inaturalist.org/observations/6477992,https://static.inaturalist.org/photos/8193100/medium.jpeg?1496491157,,"","",0,0,false,,"Tervuren, Belgium",50.8357981985,4.534971714,31,,,false,,,Bees and Allies,Apoidea,Bees and Apoid Wasps,Insecta,47222
6477993,2017/06/03 12:37 PM CEST,2017-06-03,2017-06-03 10:37:00 UTC,Paris,63000,qgroom,2017-06-03 12:03:02 UTC,2017-11-16 21:29:42 UTC,needs_id,CC0,https://www.inaturalist.org/observations/6477993,https://static.inaturalist.org/photos/8193094/medium.jpeg?1496491127,,"","",0,0,false,,"Tervuren, Belgium",50.8357981985,4.534971714,31,,,false,,,Potter Wasps,Eumeninae,Potter and Mason Wasps,Insecta,119344
6477995,2017/06/03 12:59 PM CEST,2017-06-03,2017-06-03 10:59:00 UTC,Paris,63000,qgroom,2017-06-03 12:03:03 UTC,2017-12-03 17:10:07 UTC,research,CC0,https://www.inaturalist.org/observations/6477995,https://static.inaturalist.org/photos/8193101/medium.jpeg?1496491166,,"","",2,0,false,,"Tervuren, Belgium",50.8357981985,4.534971714,31,,,false,,,Valgus hemipterus,Valgus hemipterus,,Insecta,338214
6477996,2017/06/03 12:59 PM CEST,2017-06-03,2017-06-03 10:59:00 UTC,Paris,63000,qgroom,2017-06-03 12:03:03 UTC,2020-11-02 11:14:45 UTC,research,CC0,https://www.inaturalist.org/observations/6477996,https://static.inaturalist.org/photos/8193105/medium.jpeg?1496491176,,"","",3,0,false,,"Tervuren, Belgium",50.8357981985,4.534971714,31,,,false,,,Deraeocoris ruber,Deraeocoris ruber,,Insecta,451784
6477997,2017/06/03 12:59 PM CEST,2017-06-03,2017-06-03 10:59:00 UTC,Paris,63000,qgroom,2017-06-03 12:03:04 UTC,2017-11-16 21:29:50 UTC,research,CC0,https://www.inaturalist.org/observations/6477997,https://static.inaturalist.org/photos/8193106/medium.jpeg?1496491186,,"",,1,0,false,,"Tervuren, Belgium",50.8357981985,4.534971714,31,,,false,,,Wood Avens,Geum urbanum,Wood Avens,Plantae,55891
6477998,2017/06/03 1:02 PM CEST,2017-06-03,2017-06-03 11:02:00 UTC,Paris,63000,qgroom,2017-06-03 12:03:04 UTC,2019-05-08 06:28:30 UTC,research,CC0,https://www.inaturalist.org/observations/6477998,https://static.inaturalist.org/photos/8193109/medium.jpeg?1496491198,,"","",1,0,false,,"Tervuren, Belgium",50.8357981985,4.534971714,31,,,false,,,Apple Ermine,Yponomeuta malinellus,Apple Ermine,Insecta,324938
6477999,2017/06/03 1:03 PM CEST,2017-06-03,2017-06-03 11:03:00 UTC,Paris,63000,qgroom,2017-06-03 12:03:04 UTC,2018-04-27 14:59:15 UTC,research,CC0,https://www.inaturalist.org/observations/6477999,https://static.inaturalist.org/photos/8193110/medium.jpeg?1496491205,,"",,1,0,false,,"Tervuren, Belgium",50.8357981985,4.534971714,31,,,false,,,Black Cherry Aphid,Myzus cerasi,Black Cherry Aphid,Insecta,393053
6478000,2017/06/03 1:06 PM CEST,2017-06-03,2017-06-03 11:06:00 UTC,Paris,63000,qgroom,2017-06-03 12:03:04 UTC,2019-03-01 17:37:41 UTC,needs_id,CC0,https://www.inaturalist.org/observations/6478000,https://static.inaturalist.org/photos/8193111/medium.jpeg?1496491216,,"",,1,0,false,,"Tervuren, Belgium",50.8357981985,4.534971714,31,,,false,,,Root-maggot Flies,Anthomyiidae,Root-maggot Flies,Insecta,49996
6493761,2017/06/04 4:33 PM CEST,2017-06-04,2017-06-04 14:33:00 UTC,Paris,63000,qgroom,2017-06-04 15:33:40 UTC,2018-04-27 14:58:38 UTC,research,CC0,https://www.inaturalist.org/observations/6493761,https://static.inaturalist.org/photos/8216376/medium.jpeg?1496590007,,"","",1,0,false,,"Tervuren, Belgium",50.8358524044,4.5350468159,27,,,false,,,Lecidella elaeochroma,Lecidella elaeochroma,Lecidella lichen,Fungi,223123
6493762,2017/06/04 4:26 PM CEST,2017-06-04,2017-06-04 14:26:00 UTC,Paris,63000,qgroom,2017-06-04 15:33:40 UTC,2019-05-04 20:30:17 UTC,research,CC0,https://www.inaturalist.org/observations/6493762,https://static.inaturalist.org/photos/8216382/medium.jpeg?1496590044,,"","",2,0,false,,"Tervuren, Belgium",50.8358524044,4.5350468159,27,,,false,,,Didymomyia tiliacea,Didymomyia tiliacea,,Insecta,504513
6493763,2017/06/04 4:35 PM CEST,2017-06-04,2017-06-04 14:35:00 UTC,Paris,63000,qgroom,2017-06-04 15:33:40 UTC,2019-10-09 14:34:11 UTC,research,CC0,https://www.inaturalist.org/observations/6493763,https://static.inaturalist.org/photos/8216358/medium.jpeg?1496589958,,"",,4,0,false,,"Tervuren, Belgium",50.8358524044,4.5350468159,27,,,false,,,Corée marginée,Coreus marginatus,Dock Bug,Insecta,318545
6493764,2017/06/04 4:38 PM CEST,2017-06-04,2017-06-04 14:38:00 UTC,Paris,63000,qgroom,2017-06-04 15:33:40 UTC,2018-04-27 14:57:20 UTC,research,CC0,https://www.inaturalist.org/observations/6493764,https://static.inaturalist.org/photos/8216349/medium.jpeg?1496589920,,"","",1,0,false,,"Tervuren, Belgium",50.8358524044,4.5350468159,27,,,false,,,Mealy Plum Aphid,Hyalopterus pruni,Mealy Plum Aphid,Insecta,143343
6493766,2017/06/04 4:25 PM CEST,2017-06-04,2017-06-04 14:25:00 UTC,Paris,63000,qgroom,2017-06-04 15:33:41 UTC,2018-12-19 11:39:11 UTC,needs_id,CC0,https://www.inaturalist.org/observations/6493766,https://static.inaturalist.org/photos/8216521/medium.jpeg?1496590494,,"","",1,0,false,,"Tervuren, Belgium",50.8358524044,4.5350468159,27,,,false,,,Planthoppers,Issidae,Issid Planthoppers,Insecta,56579
6493767,2017/06/04 4:23 PM CEST,2017-06-04,2017-06-04 14:23:00 UTC,Paris,63000,qgroom,2017-06-04 15:33:42 UTC,2018-10-21 09:23:39 UTC,research,CC0,https://www.inaturalist.org/observations/6493767,https://static.inaturalist.org/photos/8216397/medium.jpeg?1496590106,,"","",2,0,false,,"Tervuren, Belgium",50.8358524044,4.5350468159,27,,,false,,,Lime Leaf-stalk Gall-midge,Contarinia tiliarum,Lime Leaf-stalk Gall-midge,Insecta,359446
6807985,2017/06/25 2:38 PM CEST,2017-06-25,2017-06-25 12:38:00 UTC,Paris,63000,qgroom,2017-06-26 14:31:43 UTC,2017-11-16 21:29:53 UTC,needs_id,CC0,https://www.inaturalist.org/observations/6807985,https://static.inaturalist.org/photos/8662618/medium.jpg?1498487472,,"","",0,0,false,,"Tervuren, Belgium",50.8357353056,4.5349111111,,,,false,,,Fruit Flies,Tephritidae,Fruit Flies,Insecta,47990
7295341,2017/07/31 7:08 PM CEST,2017-07-31,2017-07-31 17:08:00 UTC,Paris,63000,qgroom,2017-07-31 17:21:52 UTC,2017-11-16 21:26:49 UTC,research,CC0,https://www.inaturalist.org/observations/7295341,https://static.inaturalist.org/photos/9438416/medium.jpg?1501521671,,"",,2,0,false,,"Tervuren, Belgium",50.8357391111,4.5349488333,,,,false,,,Frelon européen,Vespa crabro,European Hornet,Insecta,54327
7655993,2017-08-26 1:14:04 pm CEST,2017-08-26,2017-08-26 11:14:04 UTC,Paris,63000,qgroom,2017-08-26 11:14:52 UTC,2017-11-16 21:26:40 UTC,research,CC0,https://www.inaturalist.org/observations/7655993,https://static.inaturalist.org/photos/10020058/medium.jpeg?1503746101,,"","",1,0,false,2,"Afrikalaan 16, 3080 Tervuren, Belgium",50.8359947205,4.5351977348,,,,false,gps,gps,Common Grass-veneer,Agriphila tristella,Common Grass-veneer,Insecta,325426
7670568,2017-08-27 9:58:58 am CEST,2017-08-27,2017-08-27 07:58:58 UTC,Paris,63000,qgroom,2017-08-27 07:59:30 UTC,2017-12-05 20:17:09 UTC,research,CC0,https://www.inaturalist.org/observations/7670568,https://static.inaturalist.org/photos/10044358/medium.jpeg?1503820781,,"",,2,0,false,2,"Louis Pelserssquare 2, 3080 Tervuren, Belgium",50.83583858,4.53507301,7,,,false,,,Speckled Bush-cricket,Leptophyes punctatissima,Speckled Bush-cricket,Insecta,131035
7672096,2017-08-27 3:20:13 pm CEST,2017-08-27,2017-08-27 13:20:13 UTC,Paris,63000,qgroom,2017-08-27 13:21:40 UTC,2020-11-19 20:45:52 UTC,research,CC0,https://www.inaturalist.org/observations/7672096,https://static.inaturalist.org/photos/10046906/medium.jpeg?1503840872,,"","",2,0,false,2,"Vlaams Brabant, Vlaanderen, BE",50.83576378,4.53502736,4,,,false,,,Corn Smut,Ustilago maydis,Corn Smut,Fungi,151802
7672185,2017-08-27 3:34:33 pm CEST,2017-08-27,2017-08-27 13:34:33 UTC,Paris,63000,qgroom,2017-08-27 13:34:57 UTC,2019-07-08 16:11:36 UTC,research,CC0,https://www.inaturalist.org/observations/7672185,https://static.inaturalist.org/photos/10046913/medium.jpeg?1503840902,,"",,3,0,false,2,"Louis Pelserssquare 2, 3080 Tervuren, Belgium",50.83588008,4.535043,35,,,false,,,Coccinelle à virgules,Exochomus quadripustulatus,Pine Ladybird,Insecta,243968
7672189,2017-08-27 3:28:35 pm CEST,2017-08-27,2017-08-27 13:28:35 UTC,Paris,63000,qgroom,2017-08-27 13:35:40 UTC,2019-12-24 13:04:40 UTC,needs_id,CC0,https://www.inaturalist.org/observations/7672189,https://static.inaturalist.org/photos/10046922/medium.jpeg?1503840947,,"","",3,0,false,2,"Louis Pelserssquare 2, 3080 Tervuren, Belgium",50.8359527588,4.5350451469,,,,false,gps,gps,Xysticus cristatus,Xysticus,Ground Crab Spiders,Arachnida,61903
7698133,2017-08-29 8:03:46 am CEST,2017-08-29,2017-08-29 06:03:46 UTC,Paris,63000,qgroom,2017-08-29 07:03:07 UTC,2020-02-09 15:17:40 UTC,needs_id,CC0,https://www.inaturalist.org/observations/7698133,https://static.inaturalist.org/photos/10090470/medium.jpeg?1503990477,,"","",2,0,false,2,"Louis Pelserssquare 2, 3080 Tervuren, Belgium",50.8357810974,4.534869194,,,,false,gps,gps,Dasypoda,Dasypoda hirtipes,Common Pantaloon Bee,Insecta,746682
7711228,2017-08-30 6:24:29 am CEST,2017-08-30,2017-08-30 04:24:29 UTC,Paris,63000,qgroom,2017-08-30 04:26:45 UTC,2018-04-16 18:04:25 UTC,research,CC0,https://www.inaturalist.org/observations/7711228,https://static.inaturalist.org/photos/10112323/medium.jpeg?1504067212,,"","",1,0,false,2,"Louis Pelserssquare 2, 3080 Tervuren, Belgium",50.8358578,4.5350847,26,,,false,,,Yellow Shell,Camptogramma bilineata,Yellow Shell Moth,Insecta,61972
7711236,2017-08-30 6:27:02 am CEST,2017-08-30,2017-08-30 04:27:02 UTC,Paris,63000,qgroom,2017-08-30 04:28:14 UTC,2017-11-16 21:27:04 UTC,research,CC0,https://www.inaturalist.org/observations/7711236,https://static.inaturalist.org/photos/10112332/medium.jpeg?1504067299,,"","",2,0,false,2,"Louis Pelserssquare 2, 3080 Tervuren, Belgium",50.83582937,4.53508201,3,,,false,,,Orange Swift,Triodia sylvina,Orange Swift,Insecta,461806
7723426,2017-08-31 7:18:10 am CEST,2017-08-31,2017-08-31 05:18:10 UTC,Paris,63000,qgroom,2017-08-31 05:21:12 UTC,2019-07-16 21:37:23 UTC,needs_id,CC0,https://www.inaturalist.org/observations/7723426,https://static.inaturalist.org/photos/10134615/medium.jpeg?1504181890,,"",,3,0,false,2,"Louis Pelserssquare 2, 3080 Tervuren, Belgium",50.83587164,4.53506175,10,,,false,,,Arion Slugs,Arion,Arion Slugs,Mollusca,54582
7728455,2017-08-31 9:05:50 pm CEST,2017-08-31,2017-08-31 19:05:50 UTC,Paris,63000,qgroom,2017-08-31 19:08:53 UTC,2018-04-23 10:41:23 UTC,needs_id,CC0,https://www.inaturalist.org/observations/7728455,https://static.inaturalist.org/photos/10139966/medium.jpeg?1504206538,,"",,1,0,false,2,"Leuvensesteenweg 98, 3080 Tervuren, Belgium",50.83592606,4.53533903,5,,,false,,,Svensson's Copper Underwing,Amphipyra berbera,Svensson's Copper Underwing,Insecta,325248
7764160,2017-09-03 6:08:19 pm CEST,2017-09-03,2017-09-03 16:08:19 UTC,Paris,63000,qgroom,2017-09-03 17:39:16 UTC,2018-09-11 08:52:19 UTC,research,CC0,https://www.inaturalist.org/observations/7764160,https://static.inaturalist.org/photos/10198143/medium.jpeg?1504460361,,"",,3,0,false,2,"Louis Pelserssquare 2, 3080 Tervuren, Belgium",50.8358192444,4.5350813866,,,,false,gps,gps,Box Tree Moth,Cydalima perspectalis,Box Tree Moth,Insecta,325295
7821907,2017/09/07 5:59 PM CEST,2017-09-07,2017-09-07 15:59:00 UTC,Paris,63000,qgroom,2017-09-07 17:15:05 UTC,2018-09-24 10:47:20 UTC,needs_id,CC0,https://www.inaturalist.org/observations/7821907,https://static.inaturalist.org/photos/10292030/medium.jpeg?1504804218,,"",,2,0,false,,"Tervuren, Belgium",50.8358069605,4.5350808344,38,,,false,,,Ichneumonid Wasps,Ichneumonidae,Ichneumonid Wasps,Insecta,47199
7821908,2017/09/07 6:10 PM CEST,2017-09-07,2017-09-07 16:10:00 UTC,Paris,63000,qgroom,2017-09-07 17:15:05 UTC,2019-04-21 15:47:04 UTC,research,CC0,https://www.inaturalist.org/observations/7821908,https://static.inaturalist.org/photos/10292033/medium.jpeg?1504804221,,"",,2,0,false,,"Tervuren, Belgium",50.8358069605,4.5350808344,38,,,false,,,Chrysolina americana,Chrysolina americana,Rosemary Beetle,Insecta,209660
7821909,2017/09/07 6:13 PM CEST,2017-09-07,2017-09-07 16:13:00 UTC,Paris,63000,qgroom,2017-09-07 17:15:05 UTC,2020-08-13 16:33:59 UTC,needs_id,CC0,https://www.inaturalist.org/observations/7821909,https://static.inaturalist.org/photos/10292036/medium.jpeg?1504804233,,"",,1,0,false,,"Tervuren, Belgium",50.8358069605,4.5350808344,38,,,false,,,Panorpa,Panorpa vulgaris,,Insecta,123579
7821910,2017/09/07 6:12 PM CEST,2017-09-07,2017-09-07 16:12:00 UTC,Paris,63000,qgroom,2017-09-07 17:15:06 UTC,2018-04-23 10:25:47 UTC,research,CC0,https://www.inaturalist.org/observations/7821910,https://static.inaturalist.org/photos/10292039/medium.jpeg?1504804257,,"",,1,0,false,,"Tervuren, Belgium",50.8358069605,4.5350808344,38,,,false,,,European Fruit Scale,Parthenolecanium corni,European Fruit Scale,Insecta,394614
7821911,2017/09/07 6:11 PM CEST,2017-09-07,2017-09-07 16:11:00 UTC,Paris,63000,qgroom,2017-09-07 17:15:07 UTC,2017-11-16 21:26:47 UTC,research,CC0,https://www.inaturalist.org/observations/7821911,https://static.inaturalist.org/photos/10292045/medium.jpeg?1504804279,,"",,2,0,false,,"Tervuren, Belgium",50.8358069605,4.5350808344,38,,,false,,,Cross Orbweaver,Araneus diadematus,Cross Orbweaver,Arachnida,52628
7821912,2017/09/07 6:05 PM CEST,2017-09-07,2017-09-07 16:05:00 UTC,Paris,63000,qgroom,2017-09-07 17:15:07 UTC,2019-12-24 12:11:26 UTC,needs_id,CC0,https://www.inaturalist.org/observations/7821912,https://static.inaturalist.org/photos/10292063/medium.jpeg?1504804323,,"","",3,0,false,,"Tervuren, Belgium",50.8358069605,4.5350808344,38,,,false,,,Metellina,Metellina,,Arachnida,55622
7847739,2017/09/09 7:18 PM CEST,2017-09-09,2017-09-09 17:18:00 UTC,Paris,63000,qgroom,2017-09-09 18:17:23 UTC,2019-02-21 13:14:08 UTC,needs_id,CC0,https://www.inaturalist.org/observations/7847739,https://static.inaturalist.org/photos/10336508/medium.jpeg?1504981037,,"",,4,0,false,,"Tervuren, Belgium",50.835793409,4.5350164614,53,,,false,,,Bourdon,Bombus,Bumble Bees,Insecta,52775
7860870,2017/09/10 3:12 PM CEST,2017-09-10,2017-09-10 13:12:00 UTC,Paris,63000,qgroom,2017-09-10 15:00:35 UTC,2017-11-16 21:26:55 UTC,research,CC0,https://www.inaturalist.org/observations/7860870,https://static.inaturalist.org/photos/10355241/medium.jpeg?1505055562,,"","",1,0,false,,"Tervuren, Belgium",50.83581175,4.5350790024,31,,,false,,,Grove Snail,Cepaea nemoralis,Brown-lipped Snail,Mollusca,48586
7860871,2017/09/10 3:13 PM CEST,2017-09-10,2017-09-10 13:13:00 UTC,Paris,63000,qgroom,2017-09-10 15:00:35 UTC,2017-12-12 11:13:06 UTC,research,CC0,https://www.inaturalist.org/observations/7860871,https://static.inaturalist.org/photos/10355243/medium.jpeg?1505055570,,"",,2,0,false,,"Tervuren, Belgium",50.83581175,4.5350790024,31,,,false,,,Leste vert,Chalcolestes viridis,Western Willow Spreadwing,Insecta,124488
7942851,2017-09-16 11:27:48 am CEST,2017-09-16,2017-09-16 09:27:48 UTC,Paris,63000,qgroom,2017-09-16 11:48:08 UTC,2017-11-16 21:27:08 UTC,research,CC0,https://www.inaturalist.org/observations/7942851,https://static.inaturalist.org/photos/10490306/medium.jpeg?1505562507,,"","",1,0,false,2,"Louis Pelserssquare 2, 3080 Tervuren, Belgium",50.83584472,4.53486856,4,,,false,,,Phalera bucephala,Phalera bucephala,Buff-tip,Insecta,55361
7961347,2017/09/17 3:37 PM CEST,2017-09-17,2017-09-17 13:37:00 UTC,Paris,63000,qgroom,2017-09-17 14:48:23 UTC,2020-11-02 08:45:03 UTC,research,CC0,https://www.inaturalist.org/observations/7961347,https://static.inaturalist.org/photos/10519432/medium.jpeg?1505659677,,"",,3,0,false,,"Louis Pelserssquare, 3080 Tervuren, Belgium",50.8357121,4.5348448,28,,,false,,,Opilio canestrinii,Opilio canestrinii,Canestrini's Harvestman,Arachnida,527576
8052246,2017/09/23 4:24 PM CEST,2017-09-23,2017-09-23 14:24:00 UTC,Paris,63000,qgroom,2017-09-23 14:50:59 UTC,2018-08-02 18:28:18 UTC,needs_id,CC0,https://www.inaturalist.org/observations/8052246,https://static.inaturalist.org/photos/10667655/medium.jpg?1506178073,,"",,1,0,false,,"Tervuren, Belgium",50.8358039722,4.53498075,,,,false,,,Eratigena,Eratigena,,Arachnida,418824
8052247,2017/09/23 3:31 PM CEST,2017-09-23,2017-09-23 13:31:00 UTC,Paris,63000,qgroom,2017-09-23 14:50:59 UTC,2017-11-16 21:27:06 UTC,research,CC0,https://www.inaturalist.org/observations/8052247,https://static.inaturalist.org/photos/10667660/medium.jpg?1506178095,,"","",1,0,false,,"Tervuren, Belgium",50.8357086111,4.5348481944,,,,false,,,Red Admiral,Vanessa atalanta,Red Admiral,Insecta,49133
8052248,2017/09/23 3:10 PM CEST,2017-09-23,2017-09-23 13:10:00 UTC,Paris,63000,qgroom,2017-09-23 14:50:59 UTC,2019-10-19 08:07:23 UTC,research,CC0,https://www.inaturalist.org/observations/8052248,https://static.inaturalist.org/photos/10667658/medium.jpg?1506178085,,"",,3,0,false,,"Tervuren, Belgium",50.8359870833,4.5350360833,,,,false,,,Setaria pumila,Setaria pumila,yellow foxtail,Plantae,48688
8861632,2017-11-19 4:22:19 pm CET,2017-11-19,2017-11-19 15:22:19 UTC,Paris,63000,qgroom,2017-11-19 16:03:24 UTC,2020-06-02 04:52:58 UTC,needs_id,CC0,https://www.inaturalist.org/observations/8861632,https://static.inaturalist.org/photos/11912669/medium.jpeg?1511107430,,"",,2,0,false,2,"Leuvensesteenweg 98, 3080 Tervuren, Belgium",50.83592057,4.53521502,4,,,false,,,Lecanoromycetidae,Lecanoromycetidae,,Fungi,952186
8861636,2017-11-19 4:46:17 pm CET,2017-11-19,2017-11-19 15:46:17 UTC,Paris,63000,qgroom,2017-11-19 16:03:55 UTC,2017-11-28 04:19:57 UTC,research,CC0,https://www.inaturalist.org/observations/8861636,https://static.inaturalist.org/photos/11912677/medium.jpeg?1511107462,,"",,2,0,false,2,"Leuvensesteenweg 98, 3080 Tervuren, Belgium",50.83589082,4.53520808,5,,,false,,,Silvery Bryum,Bryum argenteum,Silvery Bryum,Plantae,123390
8861639,2017-11-19 4:51:36 pm CET,2017-11-19,2017-11-19 15:51:36 UTC,Paris,63000,qgroom,2017-11-19 16:04:28 UTC,2017-11-19 16:15:28 UTC,needs_id,CC0,https://www.inaturalist.org/observations/8861639,https://static.inaturalist.org/photos/11912684/medium.jpeg?1511107494,,"","",0,0,false,2,"Leuvensesteenweg 98, 3080 Tervuren, Belgium",50.83588738,4.5351966,3,,,false,,,Fungi and lichens,Fungi,Fungi Including Lichens,Fungi,47170
8915739,2017-11-24 7:04:01 am CET,2017-11-24,2017-11-24 06:04:01 UTC,Paris,63000,qgroom,2017-11-24 06:07:41 UTC,2019-06-08 16:17:56 UTC,research,CC0,https://www.inaturalist.org/observations/8915739,https://static.inaturalist.org/photos/12003233/medium.jpeg?1511503668,,"",,2,0,false,2,"Louis Pelserssquare 2, 3080 Tervuren, Belgium",50.83579244,4.53507262,43,,,false,,,Punaise américaine,Leptoglossus occidentalis,Western Conifer Seed Bug,Insecta,67771
9302720,2017-12-30 9:02:03 am CET,2017-12-30,2017-12-30 08:02:03 UTC,Paris,63000,qgroom,2017-12-30 08:04:37 UTC,2018-11-11 03:46:07 UTC,needs_id,CC0,https://www.inaturalist.org/observations/9302720,https://static.inaturalist.org/photos/12614938/medium.jpeg?1514621081,,"",,0,0,false,2,"Leuvensesteenweg 98, 3080 Tervuren, Belgium",50.8358773,4.53510402,9,,,false,gps,gps,Butterflies and Moths,Alucita,,Insecta,70204
10680016,2018-04-07 5:51:37 pm CEST,2018-04-07,2018-04-07 15:51:37 UTC,Paris,63000,qgroom,2018-04-07 15:54:10 UTC,2018-04-11 04:35:00 UTC,research,CC0,https://www.inaturalist.org/observations/10680016,https://static.inaturalist.org/photos/14911152/medium.jpeg?1523116453,,"",,2,0,false,2,"Leuvensesteenweg 98, 3080 Tervuren, Belgium",50.8357915,4.5352222,50,,,false,,,Twenty-plume Moth,Alucita hexadactyla,Twenty-plume Moth,Insecta,70203
11019976,2018-04-16 8:43:50 pm CEST,2018-04-16,2018-04-16 18:43:50 UTC,Paris,63000,qgroom,2018-04-16 18:49:51 UTC,2018-04-16 22:24:26 UTC,research,CC0,https://www.inaturalist.org/observations/11019976,https://static.inaturalist.org/photos/15538790/medium.jpeg?1523904596,,"",,1,0,false,2,"Louis Pelserssquare 2, 3080 Tervuren, Belgium",50.8358602,4.5350897,39,,,false,,,German wasp,Vespula germanica,German Yellowjacket,Insecta,126155
11046125,2018-04-17 7:32:42 am CEST,2018-04-17,2018-04-17 05:32:42 UTC,Paris,63000,qgroom,2018-04-17 06:19:19 UTC,2018-04-24 08:29:41 UTC,needs_id,CC0,https://www.inaturalist.org/observations/11046125,https://static.inaturalist.org/photos/15588505/medium.jpeg?1523945982,,"","",0,0,false,2,"Vlaams Brabant, Vlaanderen, BE",50.8357196,4.5349607,31,,,false,,,Coprinellus,Coprinellus,,Fungi,56315
11332033,2018-04-22 9:46:56 pm CEST,2018-04-22,2018-04-22 19:46:56 UTC,Paris,63000,qgroom,2018-04-22 19:48:50 UTC,2018-05-02 08:56:21 UTC,needs_id,CC0,https://www.inaturalist.org/observations/11332033,https://static.inaturalist.org/photos/16137857/medium.jpeg?1524426534,,"",,1,0,false,2,"Louis Pelserssquare 2, 3080 Tervuren, Belgium",50.8358612061,4.5350899696,,,,false,gps,gps,Cockchafers,Melolontha melolontha,Common Cockchafer,Insecta,48197
12832618,2018-05-26 7:57:22 pm CEST,2018-05-26,2018-05-26 17:57:22 UTC,Paris,63000,qgroom,2018-05-26 18:13:10 UTC,2018-05-26 19:46:43 UTC,needs_id,CC0,https://www.inaturalist.org/observations/12832618,https://static.inaturalist.org/photos/18616145/medium.jpeg?1527358393,,"",,0,0,false,2,"Louis Pelserssquare 1, 3080 Tervuren, Belgium",50.8356771,4.5347391,22,,,false,,,Woolly Beech Aphid,Phyllaphis fagi,Woolly Beech Aphid,Insecta,142754
12832623,2018-05-26 7:58:27 pm CEST,2018-05-26,2018-05-26 17:58:27 UTC,Paris,63000,qgroom,2018-05-26 18:13:29 UTC,2020-08-13 16:34:13 UTC,research,CC0,https://www.inaturalist.org/observations/12832623,https://static.inaturalist.org/photos/18616165/medium.jpeg?1527358414,,"",,2,0,false,2,"Louis Pelserssquare 1, 3080 Tervuren, Belgium",50.8359684,4.5345997,19,,,false,,,Common Scorpionfly,Panorpa communis,Common European Scorpionfly,Insecta,51699
12832637,2018-05-26 7:59:23 pm CEST,2018-05-26,2018-05-26 17:59:23 UTC,Paris,63000,qgroom,2018-05-26 18:13:48 UTC,2018-08-14 17:38:00 UTC,research,CC0,https://www.inaturalist.org/observations/12832637,https://static.inaturalist.org/photos/18616189/medium.jpeg?1527358432,,"",,1,0,false,2,"Louis Pelserssquare 6, 3080 Tervuren, Belgium",50.8356428,4.5349463,22,,,false,,,Cryptomyzus ribis,Cryptomyzus ribis,Redcurrant Blister Aphid,Insecta,454348
12832644,2018-05-26 8:02:24 pm CEST,2018-05-26,2018-05-26 18:02:24 UTC,Paris,63000,qgroom,2018-05-26 18:13:58 UTC,2020-01-05 20:05:28 UTC,research,CC0,https://www.inaturalist.org/observations/12832644,https://static.inaturalist.org/photos/18616203/medium.jpeg?1527358442,,"",,2,0,false,2,"Vlaams Brabant, Vlaanderen, BE",50.8360813,4.534845,53,,,false,gps,gps,Coccinelle asiatique,Harmonia axyridis,Asian Lady Beetle,Insecta,48484
12989970,2018/05/29 7:02 PM CEST,2018-05-29,2018-05-29 17:02:00 UTC,Paris,63000,qgroom,2018-05-31 19:45:18 UTC,2018-12-08 10:51:56 UTC,research,CC0,https://www.inaturalist.org/observations/12989970,https://static.inaturalist.org/photos/18892339/medium.jpg?1527795881,,"",,2,0,false,,"Tervuren, Belgium",50.8356729495,4.5350405884,4,,,false,,,Dainty Damselfly,Coenagrion scitulum,Dainty Damselfly,Insecta,129033
13040595,2018/06/02 5:26 PM CEST,2018-06-02,2018-06-02 15:26:00 UTC,Paris,63000,qgroom,2018-06-02 15:30:22 UTC,2018-06-02 15:34:17 UTC,needs_id,CC0,https://www.inaturalist.org/observations/13040595,https://static.inaturalist.org/photos/18980802/medium.jpg?1527953398,,"","",0,0,false,,"Tervuren, Belgium",50.8360279722,4.5348689722,,,,false,,,Uroleucon,Uroleucon,,Insecta,84469
13105517,2018-06-04 7:37:29 am CEST,2018-06-04,2018-06-04 05:37:29 UTC,Paris,63000,qgroom,2018-06-04 05:39:27 UTC,2018-06-07 17:15:25 UTC,research,CC0,https://www.inaturalist.org/observations/13105517,https://static.inaturalist.org/photos/19100063/medium.jpeg?1528090795,,"",,2,0,false,2,"Louis Pelserssquare 2, 3080 Tervuren, Belgium",50.83585064,4.53507927,7,,,false,,,Codling Moth,Cydia pomonella,Codling Moth,Insecta,47153
14899839,2018-07-29 3:20:53 pm CEST,2018-07-29,2018-07-29 13:20:53 UTC,Paris,63000,qgroom,2018-07-29 19:50:07 UTC,2019-02-21 00:39:17 UTC,research,CC0,https://www.inaturalist.org/observations/14899839,https://static.inaturalist.org/photos/22239676/medium.jpeg?1532893822,,"","",2,0,false,2,"Louis Pelserssquare 2, 3080 Tervuren, Belgium",50.83585074,4.53506438,5,,,false,,,Leptophye ponctuée,Leptophyes punctatissima,Speckled Bush-cricket,Insecta,131035
15161345,2018-08-06 8:13:58 am CEST,2018-08-06,2018-08-06 06:13:58 UTC,Paris,63000,qgroom,2018-08-06 06:15:49 UTC,2020-07-10 10:11:57 UTC,research,CC0,https://www.inaturalist.org/observations/15161345,https://static.inaturalist.org/photos/22668352/medium.jpeg?1533536152,,"",,1,0,false,2,"Louis Pelserssquare 2, 3080 Tervuren, Belgium",50.8357645315,4.5349187404,66,,,false,gps,gps,Broom Gall Mite,Aceria genistae,Broom Gall Mite,Arachnida,384897
17122076,2018-09-30 12:57:58 pm CEST,2018-09-30,2018-09-30 10:57:58 UTC,Paris,63000,qgroom,2018-10-02 06:37:34 UTC,2019-07-31 09:18:32 UTC,research,CC0,https://www.inaturalist.org/observations/17122076,https://static.inaturalist.org/photos/25932311/medium.jpeg?1538462258,,"",,3,0,false,2,"Leuvensesteenweg 98a, 3080 Tervuren, Belgium",50.8359023,4.5357894,800,,,false,,,Asiatic Knotweed,Reynoutria japonica,Japanese knotweed,Plantae,914922
18537389,2018-11-18 3:24:43 pm CET,2018-11-18,2018-11-18 14:24:43 UTC,Paris,63000,qgroom,2018-11-21 15:43:32 UTC,2019-11-11 15:02:08 UTC,research,CC0,https://www.inaturalist.org/observations/18537389,https://static.inaturalist.org/photos/28358175/medium.jpeg?1542815017,,"",,5,0,false,2,"Louis Pelserssquare 2, 3080 Tervuren, Belgium",50.83579671,4.53508865,4,,,false,,,Punaise américaine,Leptoglossus occidentalis,Western Conifer Seed Bug,Insecta,67771
20668786,2019-02-23,2019-02-23,,Brussels,63000,qgroom,2019-02-23 13:58:55 UTC,2019-04-29 21:53:41 UTC,research,CC0,https://www.inaturalist.org/observations/20668786,https://static.inaturalist.org/photos/31873512/medium.jpeg?1550930245,,"","",2,0,false,,"Tervuren, Belgium",50.8358503,4.5351030381,23,,,false,,,Éristale gluant,Eristalis tenax,Common Drone Fly,Insecta,55719
20668989,2019-02-23,2019-02-23,,Brussels,63000,qgroom,2019-02-23 14:00:06 UTC,2019-03-08 08:47:02 UTC,research,CC0,https://www.inaturalist.org/observations/20668989,https://static.inaturalist.org/photos/31873929/medium.jpeg?1550930362,,"","",1,0,false,,"Tervuren, Belgium",50.8357960941,4.5352103265,13,,,false,,,Large Red-tailed Bumble Bee,Bombus lapidarius,Red-tailed Bumble Bee,Insecta,57619
22661718,2019-04-18 5:56:08 pm CEST,2019-04-18,2019-04-18 15:56:08 UTC,Brussels,63000,qgroom,2019-04-18 16:04:44 UTC,2019-04-20 10:32:27 UTC,research,CC0,https://www.inaturalist.org/observations/22661718,https://static.inaturalist.org/photos/35113248/medium.jpeg?1555603487,,"",,3,0,false,2,"Vlaams Brabant, Vlaanderen, BE",50.83577205,4.53492276,7,,,false,,,Cardamine des prés,Cardamine pratensis,Cuckooflower,Plantae,54531
22752274,2019-04-20 2:41:27 pm CEST,2019-04-20,2019-04-20 12:41:27 UTC,Brussels,63000,qgroom,2019-04-20 13:10:38 UTC,2019-04-25 20:12:45 UTC,research,CC0,https://www.inaturalist.org/observations/22752274,https://static.inaturalist.org/photos/35260078/medium.jpeg?1555765843,,"",,4,0,false,2,"Louis Pelserssquare 6, 3080 Tervuren, Belgium",50.8357106,4.53492153,6,,,false,,,Green Tiger Beetle,Cicindela campestris,Green Tiger Beetle,Insecta,130143
22752288,2019-04-20 2:56:36 pm CEST,2019-04-20,2019-04-20 12:56:36 UTC,Brussels,63000,qgroom,2019-04-20 13:10:59 UTC,2019-04-20 13:22:21 UTC,needs_id,CC0,https://www.inaturalist.org/observations/22752288,https://static.inaturalist.org/photos/35260096/medium.jpeg?1555765863,,"",,0,0,false,2,"Louis Pelserssquare 2, 3080 Tervuren, Belgium",50.83574089,4.53504547,7,,,false,,,Polydrusus,Polydrusus,,Insecta,212047
22874206,2019-04-22 12:06:12 pm CEST,2019-04-22,2019-04-22 10:06:12 UTC,Brussels,63000,qgroom,2019-04-22 10:29:28 UTC,2019-04-24 17:45:24 UTC,research,CC0,https://www.inaturalist.org/observations/22874206,https://static.inaturalist.org/photos/35456356/medium.jpeg?1555928973,,"",,2,0,false,2,"Louis Pelserssquare 2, 3080 Tervuren, Belgium",50.83589323,4.53497781,10,,,false,,,Liophloeus tessulatus,Liophloeus tessulatus,,Insecta,311242
24505531,2019/05/04 2:16 PM CEST,2019-05-04,2019-05-04 12:16:00 UTC,Brussels,63000,qgroom,2019-05-04 12:48:41 UTC,2019-05-05 12:44:37 UTC,research,CC0,https://www.inaturalist.org/observations/24505531,https://static.inaturalist.org/photos/37893842/medium.jpg?1556974071,,"","",1,0,false,,"Tervuren, Belgium",50.8358097604,4.5350839273,1,,,false,,,Narcissus Bulb Fly,Merodon equestris,Narcissus Bulb Fly,Insecta,194786
25726304,2019-05-23 8:03:56 pm CEST,2019-05-23,2019-05-23 18:03:56 UTC,Brussels,63000,qgroom,2019-05-25 11:57:51 UTC,2019-05-25 11:58:09 UTC,needs_id,CC0,https://www.inaturalist.org/observations/25726304,https://static.inaturalist.org/photos/39879370/medium.jpeg?1558785477,,"",,0,0,false,2,"Tervuren, Belgium",50.83582342,4.5351852,6,,,false,,,Common Cat's-ear,Hypochaeris radicata,Common Cat's-ear,Plantae,53104
25726316,2019-05-25 1:56:11 pm CEST,2019-05-25,2019-05-25 11:56:11 UTC,Brussels,63000,qgroom,2019-05-25 11:58:12 UTC,2019-05-26 07:11:04 UTC,research,CC0,https://www.inaturalist.org/observations/25726316,https://static.inaturalist.org/photos/39879397/medium.jpeg?1558785497,,"",,2,0,false,2,"Tervuren, Belgium",50.83570666,4.53498931,9,,,false,,,Small Dusty Wave,Idaea seriata,Small Dusty Wave,Insecta,322983
25893746,2019-05-27 5:12:56 pm CEST,2019-05-27,2019-05-27 15:12:56 UTC,Brussels,63000,qgroom,2019-05-27 19:12:24 UTC,2019-05-28 08:43:44 UTC,research,CC0,https://www.inaturalist.org/observations/25893746,https://static.inaturalist.org/photos/40158089/medium.jpeg?1558984349,,"",,3,0,false,2,"Tervuren, Belgium",50.83572334,4.53497445,6,,,false,,,Point d'exclamation,Agrotis exclamationis,Heart and Dart,Insecta,132887
26054041,2019-05-30 2:09:21 pm CEST,2019-05-30,2019-05-30 12:09:21 UTC,Brussels,63000,qgroom,2019-05-30 12:12:10 UTC,2020-11-01 14:15:46 UTC,research,CC0,https://www.inaturalist.org/observations/26054041,https://static.inaturalist.org/photos/40422553/medium.jpeg?1559218333,,"",,3,0,false,2,"Tervuren, Belgium",50.83575201,4.53501775,7,,,false,,,Peribalus strictus vernalis,Peribalus strictus vernalis,,Insecta,787422
27831079,2019/06/28 9:57 PM CEST,2019-06-28,2019-06-28 19:57:00 UTC,Brussels,63000,qgroom,2019-06-28 20:32:45 UTC,2020-03-29 03:52:43 UTC,research,CC0,https://www.inaturalist.org/observations/27831079,https://static.inaturalist.org/photos/43342859/medium.jpg?1561753948,,"","",3,0,false,,"Tervuren, Belgium",50.835782,4.5351389722,,,open,false,,,Common Blue Damselfly,Enallagma cyathigerum,Common Blue Damselfly,Insecta,99901
28544088,2019-06-28 9:48:15 pm CEST,2019-06-28,2019-06-28 19:48:15 UTC,Brussels,63000,qgroom,2019-07-10 08:21:08 UTC,2020-09-16 09:56:53 UTC,research,CC0,https://www.inaturalist.org/observations/28544088,https://static.inaturalist.org/photos/44504176/medium.jpeg?1562746871,,"",,1,0,false,2,"Tervuren, Belgium",50.83592077,4.53507842,9,,,false,,,Пяденица крапчатая,Idaea seriata,Small Dusty Wave,Insecta,322983
30086937,2019-08-03 8:25:42 am CEST,2019-08-03,2019-08-03 06:25:42 UTC,Brussels,63000,qgroom,2019-08-03 06:27:39 UTC,2019-08-03 23:38:05 UTC,research,CC0,https://www.inaturalist.org/observations/30086937,https://static.inaturalist.org/photos/46986824/medium.jpeg?1564813662,,"",,1,0,false,2,"Tervuren, Belgium",50.8358688354,4.5352478027,,,open,false,gps,gps,Écureuil roux,Sciurus vulgaris,Eurasian Red Squirrel,Mammalia,46001
31769719,2019-08-30 5:32:46 am CEST,2019-08-30,2019-08-30 03:32:46 UTC,Brussels,63000,qgroom,2019-08-30 03:35:09 UTC,2020-09-03 09:47:53 UTC,research,CC0,https://www.inaturalist.org/observations/31769719,https://static.inaturalist.org/photos/49759703/medium.jpeg?1567136112,,"",,2,0,false,2,"Vlaams Brabant, Vlaanderen, BE",50.83576574,4.53500092,4,,,false,,,Gepijlde grasmot,Agriphila geniculea,Elbow-striped Grass-veneer,Insecta,334337
31969455,2019/09/02 6:02 AM CEST,2019-09-02,2019-09-02 04:02:00 UTC,Brussels,63000,qgroom,2019-09-02 05:45:41 UTC,2019-09-07 16:32:46 UTC,research,CC0,https://www.inaturalist.org/observations/31969455,https://static.inaturalist.org/photos/50093015/medium.jpg?1567403104,,"",,2,0,false,,"Tervuren, Belgium",50.83585,4.53486,,,,false,,,Fencepost jumping spider,Marpissa muscosa,Fencepost jumping spider,Arachnida,146723
37093786,2019-12-30 11:08:59 AM GMT+01:00,2019-12-30,2019-12-30 10:08:59 UTC,Brussels,63000,qgroom,2019-12-30 10:13:19 UTC,2019-12-30 10:33:33 UTC,needs_id,CC0,https://www.inaturalist.org/observations/37093786,https://static.inaturalist.org/photos/58748380/medium.jpeg?1577700807,,"",,0,0,false,2,"Tervuren, Belgium",50.8358650208,4.5350852013,,,,false,gps,gps,Blue Bottlefly,Calliphora vicina,Blue Blowfly,Insecta,119115
37093789,2019-12-30 11:08:32 AM GMT+01:00,2019-12-30,2019-12-30 10:08:32 UTC,Brussels,63000,qgroom,2019-12-30 10:13:33 UTC,2020-07-31 07:14:03 UTC,needs_id,CC0,https://www.inaturalist.org/observations/37093789,https://static.inaturalist.org/photos/58748386/medium.jpeg?1577700820,,"",,0,0,false,2,"Tervuren, Belgium",50.8357810974,4.5350279808,,,,false,gps,gps,Phaonia subventa,Phaonia subventa,,Insecta,243559
37093793,2019-12-30 11:08:22 AM GMT+01:00,2019-12-30,2019-12-30 10:08:22 UTC,Brussels,63000,qgroom,2019-12-30 10:13:47 UTC,2019-12-30 10:13:55 UTC,needs_id,CC0,https://www.inaturalist.org/observations/37093793,https://static.inaturalist.org/photos/58748392/medium.jpeg?1577700832,,"",,0,0,false,2,"Tervuren, Belgium",50.8357810974,4.5350279808,,,,false,gps,gps,Muscinae,Muscinae,,Insecta,622795
40173404,2020-03-18 12:00:25 PM GMT+01:00,2020-03-18,2020-03-18 11:00:25 UTC,Brussels,63000,qgroom,2020-03-18 11:08:11 UTC,2020-03-23 00:24:22 UTC,research,CC0,https://www.inaturalist.org/observations/40173404,https://static.inaturalist.org/photos/63813911/medium.jpeg?1584529695,,"",,3,0,false,2,"Tervuren, Belgium",50.8359779722,4.5348969722,,,,false,gps,gps,Seven-spotted Lady Beetle,Coccinella septempunctata,Seven-spotted Lady Beetle,Insecta,51702
40173406,2020-03-18 12:00:05 PM GMT+01:00,2020-03-18,2020-03-18 11:00:05 UTC,Brussels,63000,qgroom,2020-03-18 11:08:21 UTC,2020-03-20 17:14:32 UTC,research,CC0,https://www.inaturalist.org/observations/40173406,https://static.inaturalist.org/photos/63813919/medium.jpeg?1584529706,,"",,5,0,false,2,"Tervuren, Belgium",50.835841,4.535147,,,,false,gps,gps,European Firebug,Pyrrhocoris apterus,European Firebug,Insecta,55610
40173410,2020-03-18 11:59:28 AM GMT+01:00,2020-03-18,2020-03-18 10:59:28 UTC,Brussels,63000,qgroom,2020-03-18 11:08:32 UTC,2020-03-18 14:20:29 UTC,research,CC0,https://www.inaturalist.org/observations/40173410,https://static.inaturalist.org/photos/63813929/medium.jpeg?1584529716,,"",,2,0,false,2,"Tervuren, Belgium",50.835875,4.535008,,,,false,gps,gps,European Comma,Polygonia c-album,European Comma,Insecta,56225
40522606,2020-03-22 2:44:19 PM GMT+01:00,2020-03-22,2020-03-22 13:44:19 UTC,Brussels,63000,qgroom,2020-03-22 14:38:12 UTC,2020-03-22 23:42:55 UTC,research,CC0,https://www.inaturalist.org/observations/40522606,https://static.inaturalist.org/photos/64218813/medium.jpeg?1584887896,,"",,2,0,false,2,"Tervuren, Belgium",50.83582122,4.5349542,6,,,false,,,Seven-spotted Lady Beetle,Coccinella septempunctata,Seven-spotted Lady Beetle,Insecta,51702
40522612,2020-03-22 3:00:46 PM GMT+01:00,2020-03-22,2020-03-22 14:00:46 UTC,Brussels,63000,qgroom,2020-03-22 14:38:22 UTC,2020-03-25 15:17:09 UTC,needs_id,CC0,https://www.inaturalist.org/observations/40522612,https://static.inaturalist.org/photos/64218828/medium.jpeg?1584887906,,"",,0,0,false,2,"Tervuren, Belgium",50.83582797,4.53511448,5,,,false,,,Cutworm Moths and Allies,Noctuidae,Cutworm Moths and Allies,Insecta,48670
40522638,2020-03-22 3:02:14 PM GMT+01:00,2020-03-22,2020-03-22 14:02:14 UTC,Brussels,63000,qgroom,2020-03-22 14:38:42 UTC,2020-08-08 14:25:52 UTC,needs_id,CC0,https://www.inaturalist.org/observations/40522638,https://static.inaturalist.org/photos/64218860/medium.jpeg?1584887926,,"",,1,0,false,2,"Vlaams Brabant, Vlaanderen, BE",50.83579661,4.53517366,5,,,false,,,Calyptrate Flies,Calyptratae,Calyptrate Flies,Insecta,342767
40695698,2020-03-25 4:33:04 PM GMT+01:00,2020-03-25,2020-03-25 15:33:04 UTC,Brussels,63000,qgroom,2020-03-25 15:38:31 UTC,2020-03-25 15:38:42 UTC,needs_id,CC0,https://www.inaturalist.org/observations/40695698,https://static.inaturalist.org/photos/64512177/medium.jpeg?1585150718,,"",,0,0,false,2,"Tervuren, Belgium",50.835914,4.5349279722,,,,false,gps,gps,Silky Wall Feather-moss,Homalothecium sericeum,Silky Wall Feather-moss,Plantae,123776
40695714,2020-03-25 4:32:12 PM GMT+01:00,2020-03-25,2020-03-25 15:32:12 UTC,Brussels,63000,qgroom,2020-03-25 15:38:47 UTC,2020-03-26 07:54:17 UTC,research,CC0,https://www.inaturalist.org/observations/40695714,https://static.inaturalist.org/photos/64512199/medium.jpeg?1585150732,,"",,2,0,false,2,"Tervuren, Belgium",50.835968,4.535129,,,,false,gps,gps,Chrysomèle du romarin,Chrysolina americana,Rosemary Beetle,Insecta,209660
40695770,2020-03-25 4:30:44 PM GMT+01:00,2020-03-25,2020-03-25 15:30:44 UTC,Brussels,63000,qgroom,2020-03-25 15:39:15 UTC,2020-04-03 16:32:49 UTC,needs_id,CC0,https://www.inaturalist.org/observations/40695770,https://static.inaturalist.org/photos/64512243/medium.jpeg?1585150760,,"",,1,0,false,2,"Tervuren, Belgium",50.835835,4.53504,,,,false,gps,gps,Salticus,Salticus,Zebra Spiders,Arachnida,68910
40695782,2020-03-25 4:30:05 PM GMT+01:00,2020-03-25,2020-03-25 15:30:05 UTC,Brussels,63000,qgroom,2020-03-25 15:39:28 UTC,2020-03-26 06:45:14 UTC,research,CC0,https://www.inaturalist.org/observations/40695782,https://static.inaturalist.org/photos/64512263/medium.jpeg?1585150775,,"",,2,0,false,2,"Tervuren, Belgium",50.835835,4.53504,,,,false,gps,gps,Blaue Schmeißfliege,Calliphora vicina,Blue Blowfly,Insecta,119115
40695794,2020-03-25 4:27:15 PM GMT+01:00,2020-03-25,2020-03-25 15:27:15 UTC,Brussels,63000,qgroom,2020-03-25 15:39:43 UTC,2020-03-25 17:29:21 UTC,research,CC0,https://www.inaturalist.org/observations/40695794,https://static.inaturalist.org/photos/64512275/medium.jpeg?1585150787,,"",,1,0,false,2,"Tervuren, Belgium",50.835822,4.535082,,,,false,gps,gps,Lecidella lichen,Lecidella elaeochroma,Lecidella lichen,Fungi,223123
40873285,2020/03/28 11:58 AM +0100,2020-03-28,2020-03-28 10:58:00 UTC,Brussels,63000,qgroom,2020-03-28 11:04:19 UTC,2020-04-13 09:31:30 UTC,research,CC0,https://www.inaturalist.org/observations/40873285,https://static.inaturalist.org/photos/64800914/medium.jpeg?1585393147,,"",,4,0,false,,"Tervuren, Belgium",50.8358609727,4.5350875373,27,,,false,,,European Firebug,Pyrrhocoris apterus,European Firebug,Insecta,55610
40873286,2020/03/28 11:58 AM +0100,2020-03-28,2020-03-28 10:58:00 UTC,Brussels,63000,qgroom,2020-03-28 11:04:19 UTC,2020-03-29 19:18:58 UTC,research,CC0,https://www.inaturalist.org/observations/40873286,https://static.inaturalist.org/photos/64800916/medium.jpeg?1585393152,,"",,1,0,false,,"Tervuren, Belgium",50.8358609727,4.5350875373,27,,,false,,,petty spurge,Euphorbia peplus,petty spurge,Plantae,57036
40873287,2020/03/28 11:58 AM +0100,2020-03-28,2020-03-28 10:58:00 UTC,Brussels,63000,qgroom,2020-03-28 11:04:19 UTC,2020-03-28 18:29:11 UTC,needs_id,CC0,https://www.inaturalist.org/observations/40873287,https://static.inaturalist.org/photos/64800924/medium.jpeg?1585393157,,"","",1,0,false,,"Tervuren, Belgium",50.8358609727,4.5350875373,27,,,false,,,Grey-backed Mining Bee,Andrena vaga,Grey-backed Mining Bee,Insecta,355696
40873290,2020/03/28 11:58 AM +0100,2020-03-28,2020-03-28 10:58:00 UTC,Brussels,63000,qgroom,2020-03-28 11:04:23 UTC,2020-03-28 11:04:25 UTC,needs_id,CC0,https://www.inaturalist.org/observations/40873290,https://static.inaturalist.org/photos/64800926/medium.jpeg?1585393162,,"",,0,0,false,,"Tervuren, Belgium",50.8358609727,4.5350875373,27,,,false,,,Apoidea,Apoidea,Bees and Apoid Wasps,Insecta,47222
40873292,2020/03/28 11:58 AM +0100,2020-03-28,2020-03-28 10:58:00 UTC,Brussels,63000,qgroom,2020-03-28 11:04:23 UTC,2020-03-28 11:04:25 UTC,needs_id,CC0,https://www.inaturalist.org/observations/40873292,https://static.inaturalist.org/photos/64800929/medium.jpeg?1585393167,,"",,0,0,false,,"Tervuren, Belgium",50.8358609727,4.5350875373,27,,,false,,,Bryophyta,Bryophyta,mosses,Plantae,311249
40873294,2020/03/28 11:58 AM +0100,2020-03-28,2020-03-28 10:58:00 UTC,Brussels,63000,qgroom,2020-03-28 11:04:24 UTC,2020-03-28 11:04:26 UTC,needs_id,CC0,https://www.inaturalist.org/observations/40873294,https://static.inaturalist.org/photos/64800930/medium.jpeg?1585393172,,"",,0,0,false,,"Tervuren, Belgium",50.8358609727,4.5350875373,27,,,false,,,Cerastium fontanum,Cerastium fontanum,mouse-ear chickweed,Plantae,53307
40873295,2020/03/28 11:58 AM +0100,2020-03-28,2020-03-28 10:58:00 UTC,Brussels,63000,qgroom,2020-03-28 11:04:27 UTC,2020-03-31 18:37:13 UTC,research,CC0,https://www.inaturalist.org/observations/40873295,https://static.inaturalist.org/photos/64800931/medium.jpeg?1585393177,,"",,1,0,false,,"Tervuren, Belgium",50.8358609727,4.5350875373,27,,,false,,,Common Cat's-ear,Hypochaeris radicata,Common Cat's-ear,Plantae,53104
40873296,2020/03/28 11:58 AM +0100,2020-03-28,2020-03-28 10:58:00 UTC,Brussels,63000,qgroom,2020-03-28 11:04:27 UTC,2020-04-03 10:14:45 UTC,research,CC0,https://www.inaturalist.org/observations/40873296,https://static.inaturalist.org/photos/64800933/medium.jpeg?1585393182,,"",,3,0,false,,"Tervuren, Belgium",50.8358609727,4.5350875373,27,,,false,,,Чистяк весенний,Ficaria verna,lesser celandine,Plantae,204321
40873297,2020/03/28 11:58 AM +0100,2020-03-28,2020-03-28 10:58:00 UTC,Brussels,63000,qgroom,2020-03-28 11:04:28 UTC,2020-03-28 13:35:34 UTC,needs_id,CC0,https://www.inaturalist.org/observations/40873297,https://static.inaturalist.org/photos/64800935/medium.jpeg?1585393187,,"","",1,0,false,,"Tervuren, Belgium",50.8358609727,4.5350875373,27,,,false,,,Andrena,Andrena,,Insecta,57669
40873298,2020/03/28 11:58 AM +0100,2020-03-28,2020-03-28 10:58:00 UTC,Brussels,63000,qgroom,2020-03-28 11:04:31 UTC,2020-03-28 11:53:10 UTC,research,CC0,https://www.inaturalist.org/observations/40873298,https://static.inaturalist.org/photos/64800938/medium.jpeg?1585393192,,"",,1,0,false,,"Tervuren, Belgium",50.8358609727,4.5350875373,27,,,false,,,Сныть обыкновенная,Aegopodium podagraria,Goutweed,Plantae,51741
40873299,2020/03/28 11:58 AM +0100,2020-03-28,2020-03-28 10:58:00 UTC,Brussels,63000,qgroom,2020-03-28 11:04:31 UTC,2020-03-28 15:27:26 UTC,needs_id,CC0,https://www.inaturalist.org/observations/40873299,https://static.inaturalist.org/photos/64800939/medium.jpeg?1585393197,,"",,1,0,false,,"Tervuren, Belgium",50.8358609727,4.5350875373,27,,,false,,,Sumo Mites,Allothrombium,Sumo Mites,Arachnida,502420
40873300,2020/03/28 11:58 AM +0100,2020-03-28,2020-03-28 10:58:00 UTC,Brussels,63000,qgroom,2020-03-28 11:04:31 UTC,2020-04-09 16:42:02 UTC,needs_id,CC0,https://www.inaturalist.org/observations/40873300,https://static.inaturalist.org/photos/64800945/medium.jpeg?1585393202,,"",,0,0,false,,"Tervuren, Belgium",50.8358609727,4.5350875373,27,,,false,,,Melampsora euphorbiae,Melampsora euphorbiae,Euphorbia Rust,Fungi,383062
40873301,2020/03/28 11:58 AM +0100,2020-03-28,2020-03-28 10:58:00 UTC,Brussels,63000,qgroom,2020-03-28 11:04:35 UTC,2020-03-28 12:42:53 UTC,research,CC0,https://www.inaturalist.org/observations/40873301,https://static.inaturalist.org/photos/64800949/medium.jpeg?1585393208,,"","",1,0,false,,"Tervuren, Belgium",50.8358609727,4.5350875373,27,,,false,,,Western Honey Bee,Apis mellifera,Western Honey Bee,Insecta,47219
40873302,2020/03/28 11:58 AM +0100,2020-03-28,2020-03-28 10:58:00 UTC,Brussels,63000,qgroom,2020-03-28 11:04:35 UTC,2020-03-28 13:24:41 UTC,needs_id,CC0,https://www.inaturalist.org/observations/40873302,https://static.inaturalist.org/photos/64800953/medium.jpeg?1585393213,,"","",1,0,false,,"Tervuren, Belgium",50.8358609727,4.5350875373,27,,,false,,,Bombus,Bombus,,Insecta,538903
40873303,2020/03/28 11:58 AM +0100,2020-03-28,2020-03-28 10:58:00 UTC,Brussels,63000,qgroom,2020-03-28 11:04:35 UTC,2020-04-03 10:14:09 UTC,research,CC0,https://www.inaturalist.org/observations/40873303,https://static.inaturalist.org/photos/64800956/medium.jpeg?1585393218,,"",,3,0,false,,"Tervuren, Belgium",50.8358609727,4.5350875373,27,,,false,,,Seven-spotted Lady Beetle,Coccinella septempunctata,Seven-spotted Lady Beetle,Insecta,51702
40873305,2020/03/28 11:58 AM +0100,2020-03-28,2020-03-28 10:58:00 UTC,Brussels,63000,qgroom,2020-03-28 11:04:39 UTC,2020-04-03 12:01:20 UTC,research,CC0,https://www.inaturalist.org/observations/40873305,https://static.inaturalist.org/photos/64800959/medium.jpeg?1585393224,,"",,1,0,false,,"Tervuren, Belgium",50.8358609727,4.5350875373,27,,,false,,,Pissenlit officinal,Taraxacum officinale,common dandelion,Plantae,47602
40873307,2020/03/28 11:58 AM +0100,2020-03-28,2020-03-28 10:58:00 UTC,Brussels,63000,qgroom,2020-03-28 11:04:40 UTC,2020-03-28 11:52:59 UTC,research,CC0,https://www.inaturalist.org/observations/40873307,https://static.inaturalist.org/photos/64800963/medium.jpeg?1585393229,,"",,1,0,false,,"Tervuren, Belgium",50.8358609727,4.5350875373,27,,,false,,,Лютик ползучий,Ranunculus repens,Creeping buttercup,Plantae,48229
40873308,2020/03/28 11:58 AM +0100,2020-03-28,2020-03-28 10:58:00 UTC,Brussels,63000,qgroom,2020-03-28 11:04:40 UTC,2020-03-28 12:55:23 UTC,needs_id,CC0,https://www.inaturalist.org/observations/40873308,https://static.inaturalist.org/photos/64800964/medium.jpeg?1585393234,,"",,1,0,false,,"Tervuren, Belgium",50.8358609727,4.5350875373,27,,,false,,,Arion Slugs,Arion,Arion Slugs,Mollusca,54582
40885766,2020/03/28 4:53 PM CET,2020-03-28,2020-03-28 15:53:00 UTC,Brussels,63000,qgroom,2020-03-28 15:21:59 UTC,2020-03-28 18:32:16 UTC,needs_id,CC0,https://www.inaturalist.org/observations/40885766,https://static.inaturalist.org/photos/64820763/medium.jpeg?1585408820,,"",,1,0,false,,"Tervuren, Belgium",50.835848149,4.5351225139,30,,,false,,,Andrena,Andrena,,Insecta,57669
40885767,2020/03/28 4:54 PM CET,2020-03-28,2020-03-28 15:54:00 UTC,Brussels,63000,qgroom,2020-03-28 15:21:59 UTC,2020-03-28 18:29:50 UTC,research,CC0,https://www.inaturalist.org/observations/40885767,https://static.inaturalist.org/photos/64820799/medium.jpeg?1585408840,,"","",1,0,false,,"Tervuren, Belgium",50.835848149,4.5351225139,30,,,false,,,Osmie rousse,Osmia bicornis,Red Mason Bee,Insecta,876599
40885768,2020/03/28 4:56 PM CET,2020-03-28,2020-03-28 15:56:00 UTC,Brussels,63000,qgroom,2020-03-28 15:21:59 UTC,2020-03-30 19:15:12 UTC,research,CC0,https://www.inaturalist.org/observations/40885768,https://static.inaturalist.org/photos/64820838/medium.jpeg?1585408859,,"","",2,0,false,,"Tervuren, Belgium",50.835848149,4.5351225139,30,,,false,,,Tapered Drone Fly,Eristalis pertinax,Tapered Drone Fly,Insecta,52490
40885771,2020/03/28 5:00 PM CET,2020-03-28,2020-03-28 16:00:00 UTC,Brussels,63000,qgroom,2020-03-28 15:22:02 UTC,2020-07-28 10:00:50 UTC,research,CC0,https://www.inaturalist.org/observations/40885771,https://static.inaturalist.org/photos/64820894/medium.jpeg?1585408889,,"",,5,0,false,,"Tervuren, Belgium",50.835848149,4.5351225139,30,,,false,,,Mottled Stink Bug,Rhaphigaster nebulosa,Mottled Stink Bug,Insecta,142936
40885772,2020/03/28 4:51 PM CET,2020-03-28,2020-03-28 15:51:00 UTC,Brussels,63000,qgroom,2020-03-28 15:22:02 UTC,2020-05-27 22:31:46 UTC,needs_id,CC0,https://www.inaturalist.org/observations/40885772,https://static.inaturalist.org/photos/64820945/medium.jpeg?1585408913,,"",,1,0,false,,"Tervuren, Belgium",50.835848149,4.5351225139,30,,,false,,,Обыкновенная златоглазка,Chrysoperla carnea,carnea-group Green Lacewings,Insecta,858297
41026763,2020/03/28 4:53 PM CET,2020-03-28,2020-03-28 15:53:00 UTC,Brussels,63000,qgroom,2020-03-30 11:19:38 UTC,2020-11-02 13:25:08 UTC,research,CC0,https://www.inaturalist.org/observations/41026763,https://static.inaturalist.org/photos/65059308/medium.jpeg?1585566976,,"",,4,0,false,,"Tervuren, Belgium",50.8358442202,4.5350866968,22,,,false,,,European Comma,Polygonia c-album,European Comma,Insecta,56225
41026764,2020/03/30 12:55 PM CEST,2020-03-30,2020-03-30 10:55:00 UTC,Brussels,63000,qgroom,2020-03-30 11:19:38 UTC,2020-03-30 13:34:57 UTC,needs_id,CC0,https://www.inaturalist.org/observations/41026764,https://static.inaturalist.org/photos/65059312/medium.jpeg?1585566982,,"",,0,0,false,,"Tervuren, Belgium",50.8358442202,4.5350866968,22,,,false,,,,Polydesmus,,Animalia,127614
41026765,2020/03/30 12:52 PM CEST,2020-03-30,2020-03-30 10:52:00 UTC,Brussels,63000,qgroom,2020-03-30 11:19:39 UTC,2020-04-03 10:06:46 UTC,research,CC0,https://www.inaturalist.org/observations/41026765,https://static.inaturalist.org/photos/65059347/medium.jpeg?1585567045,,"",,2,0,false,,"Tervuren, Belgium",50.8358442202,4.5350866968,22,,,false,,,Greater Bee Fly,Bombylius major,Greater Bee Fly,Insecta,51557
41026767,2020/03/30 12:53 PM CEST,2020-03-30,2020-03-30 10:53:00 UTC,Brussels,63000,qgroom,2020-03-30 11:19:40 UTC,2020-03-30 12:01:52 UTC,needs_id,CC0,https://www.inaturalist.org/observations/41026767,https://static.inaturalist.org/photos/65059349/medium.jpeg?1585567051,,"",,1,0,false,,"Tervuren, Belgium",50.8358442202,4.5350866968,22,,,false,,,Leaflitter Crab Spiders,Ozyptila,Leaflitter Crab Spiders,Arachnida,153881
41026768,2020/03/30 1:01 PM CEST,2020-03-30,2020-03-30 11:01:00 UTC,Brussels,63000,qgroom,2020-03-30 11:19:40 UTC,2020-07-03 07:30:13 UTC,needs_id,CC0,https://www.inaturalist.org/observations/41026768,https://static.inaturalist.org/photos/65059359/medium.jpeg?1585567069,,"",,1,0,false,,"Tervuren, Belgium",50.8358442202,4.5350866968,22,,,false,,,Erdläufer,Geophilomorpha,Soil Centipedes,Animalia,67662
41369392,2020-04-04 5:50:31 PM GMT+02:00,2020-04-04,2020-04-04 15:50:31 UTC,Africa/Johannesburg,63000,qgroom,2020-04-04 16:04:05 UTC,2020-04-04 17:37:00 UTC,research,CC0,https://www.inaturalist.org/observations/41369392,https://static.inaturalist.org/photos/65622812/medium.jpeg?1586016251,,"",,1,0,false,2,"Tervuren, Belgium",50.835872,4.53518,,,,false,gps,gps,Tree Bumble Bee,Bombus hypnorum,Tree Bumble Bee,Insecta,61803
41443793,2020-04-05 3:39:36 PM GMT+02:00,2020-04-05,2020-04-05 13:39:36 UTC,Africa/Johannesburg,63000,qgroom,2020-04-05 14:39:55 UTC,2020-04-06 15:47:10 UTC,needs_id,CC0,https://www.inaturalist.org/observations/41443793,https://static.inaturalist.org/photos/65747334/medium.jpeg?1586097599,,"",,0,0,false,2,"Vlaams Brabant, Vlaanderen, BE",50.835799,4.535102,,,,false,gps,gps,Horned Scarab Beetles,Dynastinae,Rhinoceros Beetles,Insecta,136361
41673507,2020/04/08 10:32 AM CEST,2020-04-08,2020-04-08 08:32:00 UTC,Brussels,63000,qgroom,2020-04-08 09:08:05 UTC,2020-04-08 09:42:48 UTC,research,CC0,https://www.inaturalist.org/observations/41673507,https://static.inaturalist.org/photos/66114131/medium.jpeg?1586336693,,"",,1,0,false,,"Tervuren, Belgium",50.8358492726,4.5350073081,15,,,false,,,orange-tip,Anthocharis cardamines,orange-tip,Insecta,51495
41673508,2020/04/08 10:34 AM CEST,2020-04-08,2020-04-08 08:34:00 UTC,Brussels,63000,qgroom,2020-04-08 09:08:06 UTC,2020-04-09 09:42:50 UTC,needs_id,CC0,https://www.inaturalist.org/observations/41673508,https://static.inaturalist.org/photos/66114156/medium.jpeg?1586336714,,"",,1,0,false,,"Tervuren, Belgium",50.8358492726,4.5350073081,15,,,false,,,Bourdon,Bombus,Bumble Bees,Insecta,52775
41673509,2020/04/08 10:37 AM CEST,2020-04-08,2020-04-08 08:37:00 UTC,Brussels,63000,qgroom,2020-04-08 09:08:07 UTC,2020-04-08 09:27:26 UTC,needs_id,CC0,https://www.inaturalist.org/observations/41673509,https://static.inaturalist.org/photos/66114186/medium.jpeg?1586336774,,"",,0,0,false,,"Tervuren, Belgium",50.8358492726,4.5350073081,15,,,false,,,Wolf Spiders,Lycosidae,Wolf Spiders,Arachnida,47416
41673510,2020/04/08 10:35 AM CEST,2020-04-08,2020-04-08 08:35:00 UTC,Brussels,63000,qgroom,2020-04-08 09:08:09 UTC,2020-04-09 10:56:12 UTC,needs_id,CC0,https://www.inaturalist.org/observations/41673510,https://static.inaturalist.org/photos/66114188/medium.jpeg?1586336778,,"",,1,0,false,,"Tervuren, Belgium",50.8358492726,4.5350073081,15,,,false,,,Pardosa,Pardosa,Thin-legged Wolf Spiders,Arachnida,47415
41673511,2020/04/08 10:46 AM CEST,2020-04-08,2020-04-08 08:46:00 UTC,Brussels,63000,qgroom,2020-04-08 09:08:10 UTC,2020-04-09 07:05:21 UTC,needs_id,CC0,https://www.inaturalist.org/observations/41673511,https://static.inaturalist.org/photos/66114202/medium.jpeg?1586336797,,"",,1,0,false,,"Tervuren, Belgium",50.8358492726,4.5350073081,15,,,false,,,Lasius,Lasius niger,Black Garden Ant,Insecta,55213
41749003,2020/04/09 11:07 AM CEST,2020-04-09,2020-04-09 09:07:00 UTC,Brussels,63000,qgroom,2020-04-09 09:33:56 UTC,2020-04-09 15:59:13 UTC,needs_id,CC0,https://www.inaturalist.org/observations/41749003,https://static.inaturalist.org/photos/66238116/medium.jpeg?1586424724,,"",,1,0,false,,"Tervuren, Belgium",50.8357762884,4.5351319715,19,,,false,,,Agélène labyrinthe,Agelena labyrinthica,Labyrinth spider,Arachnida,130304
41749004,2020/04/09 11:10 AM CEST,2020-04-09,2020-04-09 09:10:00 UTC,Brussels,63000,qgroom,2020-04-09 09:33:57 UTC,2020-11-22 19:47:48 UTC,research,CC0,https://www.inaturalist.org/observations/41749004,https://static.inaturalist.org/photos/66238119/medium.jpeg?1586424731,,"",,5,0,false,,"Tervuren, Belgium",50.8357762884,4.5351319715,19,,,false,,,Sloe Bug,Dolycoris baccarum,Sloe Bug,Insecta,51666
41749005,2020/04/09 11:10 AM CEST,2020-04-09,2020-04-09 09:10:00 UTC,Brussels,63000,qgroom,2020-04-09 09:33:57 UTC,2020-04-09 23:09:41 UTC,needs_id,CC0,https://www.inaturalist.org/observations/41749005,https://static.inaturalist.org/photos/66238121/medium.jpeg?1586424735,,"",,1,0,false,,"Tervuren, Belgium",50.8357762884,4.5351319715,19,,,false,,,Stictopleurus abutilon,Stictopleurus abutilon,,Insecta,558230
41749008,2020/04/09 11:12 AM CEST,2020-04-09,2020-04-09 09:12:00 UTC,Brussels,63000,qgroom,2020-04-09 09:34:02 UTC,2020-04-11 08:17:00 UTC,needs_id,CC0,https://www.inaturalist.org/observations/41749008,https://static.inaturalist.org/photos/66238126/medium.jpeg?1586424740,,"",,3,0,false,,"Tervuren, Belgium",50.8357762884,4.5351319715,19,,,false,,,Nomad Bees,Nomada,Nomad Bees,Insecta,53648
41815787,2020/04/10 1:16 PM CEST,2020-04-10,2020-04-10 11:16:00 UTC,Brussels,63000,qgroom,2020-04-10 11:42:25 UTC,2020-04-10 23:01:21 UTC,research,CC0,https://www.inaturalist.org/observations/41815787,https://static.inaturalist.org/photos/66350989/medium.jpeg?1586518638,,"","",2,0,false,,"Tervuren, Belgium",50.8357676198,4.5351038499,11,,,false,,,Dock Bug,Coreus marginatus,Dock Bug,Insecta,318545
41815788,2020/04/10 1:14 PM CEST,2020-04-10,2020-04-10 11:14:00 UTC,Brussels,63000,qgroom,2020-04-10 11:42:25 UTC,2020-04-10 11:46:13 UTC,needs_id,CC0,https://www.inaturalist.org/observations/41815788,https://static.inaturalist.org/photos/66350997/medium.jpeg?1586518646,,"",,0,0,false,,"Tervuren, Belgium",50.8357676198,4.5351038499,11,,,false,,,Heliophanus cupreus,Heliophanus cupreus,,Arachnida,141758
41815790,2020/04/10 1:15 PM CEST,2020-04-10,2020-04-10 11:15:00 UTC,Brussels,63000,qgroom,2020-04-10 11:42:26 UTC,2020-04-10 11:45:57 UTC,needs_id,CC0,https://www.inaturalist.org/observations/41815790,https://static.inaturalist.org/photos/66351008/medium.jpeg?1586518653,,"",,0,0,false,,"Tervuren, Belgium",50.8357676198,4.5351038499,11,,,false,,,Hemiptera,Hemiptera,"True Bugs, Hoppers, Aphids, and Allies",Insecta,47744
41815793,2020/04/10 1:16 PM CEST,2020-04-10,2020-04-10 11:16:00 UTC,Brussels,63000,qgroom,2020-04-10 11:42:28 UTC,2020-04-10 23:01:14 UTC,research,CC0,https://www.inaturalist.org/observations/41815793,https://static.inaturalist.org/photos/66351015/medium.jpeg?1586518658,,"",,2,0,false,,"Tervuren, Belgium",50.8357676198,4.5351038499,11,,,false,,,Spotted Firebug,Corizus hyoscyami,Spotted Firebug,Insecta,51707
42001524,2020/04/12 4:51 PM CEST,2020-04-12,2020-04-12 14:51:00 UTC,Brussels,63000,qgroom,2020-04-12 15:26:41 UTC,2020-04-16 06:07:05 UTC,needs_id,CC0,https://www.inaturalist.org/observations/42001524,https://static.inaturalist.org/photos/66659793/medium.jpeg?1586705020,,"",,1,0,false,,"Tervuren, Belgium",50.8358480666,4.5350856133,16,,,false,,,Wolf Spiders,Lycosidae,Wolf Spiders,Arachnida,47416
42001525,2020/04/12 4:51 PM CEST,2020-04-12,2020-04-12 14:51:00 UTC,Brussels,63000,qgroom,2020-04-12 15:26:42 UTC,2020-04-13 14:01:15 UTC,research,CC0,https://www.inaturalist.org/observations/42001525,https://static.inaturalist.org/photos/66659810/medium.jpeg?1586705025,,"",,3,0,false,,"Tervuren, Belgium",50.8358480666,4.5350856133,16,,,false,,,Zevenstippelig lieveheersbeestje,Coccinella septempunctata,Seven-spotted Lady Beetle,Insecta,51702
42001526,2020/04/12 4:59 PM CEST,2020-04-12,2020-04-12 14:59:00 UTC,Brussels,63000,qgroom,2020-04-12 15:26:42 UTC,2020-04-12 15:48:40 UTC,needs_id,CC0,https://www.inaturalist.org/observations/42001526,https://static.inaturalist.org/photos/66659823/medium.jpeg?1586705031,,"",,0,0,false,,"Tervuren, Belgium",50.8358480666,4.5350856133,16,,,false,,,Anthophila,Anthophila,Bees,Insecta,630955
42001529,2020/04/12 5:01 PM CEST,2020-04-12,2020-04-12 15:01:00 UTC,Brussels,63000,qgroom,2020-04-12 15:26:44 UTC,2020-07-28 09:32:48 UTC,research,CC0,https://www.inaturalist.org/observations/42001529,https://static.inaturalist.org/photos/66659830/medium.jpeg?1586705036,,"",,2,0,false,,"Tervuren, Belgium",50.8358480666,4.5350856133,16,,,false,,,Punaise grise,Rhaphigaster nebulosa,Mottled Stink Bug,Insecta,142936
42001532,2020/04/12 10:46 AM CEST,2020-04-12,2020-04-12 08:46:00 UTC,Brussels,63000,qgroom,2020-04-12 15:26:45 UTC,2020-10-30 09:18:20 UTC,needs_id,CC0,https://www.inaturalist.org/observations/42001532,https://static.inaturalist.org/photos/66659843/medium.jpeg?1586705042,,"",,1,0,false,,"Tervuren, Belgium",50.8358480666,4.5350856133,16,,,false,,,Rindenspringspinne,Marpissa muscosa,Fencepost jumping spider,Arachnida,146723
42001533,2020/04/12 4:41 PM CEST,2020-04-12,2020-04-12 14:41:00 UTC,Brussels,63000,qgroom,2020-04-12 15:26:45 UTC,2020-04-12 19:54:06 UTC,research,CC0,https://www.inaturalist.org/observations/42001533,https://static.inaturalist.org/photos/66659853/medium.jpeg?1586705046,,"",,1,0,false,,"Tervuren, Belgium",50.8358480666,4.5350856133,16,,,false,,,Varied Carpet Beetle,Anthrenus verbasci,Varied Carpet Beetle,Insecta,120113
42001535,2020/04/12 4:46 PM CEST,2020-04-12,2020-04-12 14:46:00 UTC,Brussels,63000,qgroom,2020-04-12 15:26:46 UTC,2020-04-12 15:38:31 UTC,needs_id,CC0,https://www.inaturalist.org/observations/42001535,https://static.inaturalist.org/photos/66659861/medium.jpeg?1586705051,,"",,1,0,false,,"Tervuren, Belgium",50.8358480666,4.5350856133,16,,,false,,,Араниелла тыквообразная,Araniella cucurbitina,Cucumber Green Spider,Arachnida,129017
42001536,2020/04/12 4:46 PM CEST,2020-04-12,2020-04-12 14:46:00 UTC,Brussels,63000,qgroom,2020-04-12 15:26:47 UTC,2020-04-13 14:01:14 UTC,research,CC0,https://www.inaturalist.org/observations/42001536,https://static.inaturalist.org/photos/66659873/medium.jpeg?1586705055,,"",,3,0,false,,"Tervuren, Belgium",50.8358480666,4.5350856133,16,,,false,,,Asian Lady Beetle,Harmonia axyridis,Asian Lady Beetle,Insecta,48484
42002758,2020/04/12 4:50 PM CEST,2020-04-12,2020-04-12 14:50:00 UTC,Brussels,63000,qgroom,2020-04-12 15:42:08 UTC,2020-04-15 01:58:46 UTC,needs_id,CC0,https://www.inaturalist.org/observations/42002758,https://static.inaturalist.org/photos/66662342/medium.jpeg?1586706076,,"",,2,0,false,,"Tervuren, Belgium",50.8357829819,4.5351767654,6,,,false,,,Nomad Bees,Nomada,Nomad Bees,Insecta,53648
42153206,2020-04-14 12:29:27 PM GMT+02:00,2020-04-14,2020-04-14 10:29:27 UTC,Africa/Johannesburg,63000,qgroom,2020-04-14 10:48:23 UTC,2020-04-14 18:07:05 UTC,research,CC0,https://www.inaturalist.org/observations/42153206,https://static.inaturalist.org/photos/66914579/medium.jpeg?1586861307,,"",,1,0,false,2,"Vlaams Brabant, Vlaanderen, BE",50.83575467,4.53501597,8,,,false,,,Wood Forget-me-not,Myosotis sylvatica,Wood Forget-me-not,Plantae,55826
42153250,2020-04-14 12:32:45 PM GMT+02:00,2020-04-14,2020-04-14 10:32:45 UTC,Africa/Johannesburg,63000,qgroom,2020-04-14 10:49:26 UTC,2020-04-14 13:33:29 UTC,needs_id,CC0,https://www.inaturalist.org/observations/42153250,https://static.inaturalist.org/photos/66914650/medium.jpeg?1586861369,,"",,0,0,false,2,"Tervuren, Belgium",50.83577493,4.53497596,5,,,false,,,columbines,Aquilegia,columbines,Plantae,48245
42153255,2020-04-14 12:34:29 PM GMT+02:00,2020-04-14,2020-04-14 10:34:29 UTC,Africa/Johannesburg,63000,qgroom,2020-04-14 10:49:35 UTC,2020-04-14 18:05:50 UTC,research,CC0,https://www.inaturalist.org/observations/42153255,https://static.inaturalist.org/photos/66914668/medium.jpeg?1586861379,,"",,1,0,false,2,"Vlaams Brabant, Vlaanderen, BE",50.83583388,4.5348924,5,,,false,,,common broom,Cytisus scoparius,Scots broom,Plantae,48538
42153273,2020-04-14 12:38:01 PM GMT+02:00,2020-04-14,2020-04-14 10:38:01 UTC,Africa/Johannesburg,63000,qgroom,2020-04-14 10:50:30 UTC,2020-04-14 18:05:48 UTC,research,CC0,https://www.inaturalist.org/observations/42153273,https://static.inaturalist.org/photos/66914728/medium.jpeg?1586861434,,"",,1,0,false,2,"Tervuren, Belgium",50.8359257,4.53522444,9,,,false,,,Cuckooflower,Cardamine pratensis,Cuckooflower,Plantae,54531
42153276,2020-04-14 12:45:22 PM GMT+02:00,2020-04-14,2020-04-14 10:45:22 UTC,Africa/Johannesburg,63000,qgroom,2020-04-14 10:50:40 UTC,2020-04-17 11:47:09 UTC,research,CC0,https://www.inaturalist.org/observations/42153276,https://static.inaturalist.org/photos/66914741/medium.jpeg?1586861444,,"",,1,0,false,2,"Tervuren, Belgium",50.83585,4.53495,,,,false,gps,gps,Common Pill-beetle,Byrrhus pilula,Common Pill-beetle,Insecta,130838
42464398,2020/04/17 3:31 PM CEST,2020-04-17,2020-04-17 13:31:00 UTC,Brussels,63000,qgroom,2020-04-18 11:50:25 UTC,2020-04-18 11:52:09 UTC,research,CC0,https://www.inaturalist.org/observations/42464398,https://static.inaturalist.org/photos/67425911/medium.jpeg?1587210514,,"",,1,0,false,,"Tervuren, Belgium",50.8358742256,4.5350933575,21,,,false,,,Phytoptus avellanae,Phytoptus avellanae,Big bud mite,Arachnida,55560
42464400,2020/04/18 1:17 PM CEST,2020-04-18,2020-04-18 11:17:00 UTC,Brussels,63000,qgroom,2020-04-18 11:50:25 UTC,2020-04-18 11:50:51 UTC,research,CC0,https://www.inaturalist.org/observations/42464400,https://static.inaturalist.org/photos/67425918/medium.jpeg?1587210520,,"",,1,0,false,,"Tervuren, Belgium",50.8358742256,4.5350933575,21,,open,false,,,Veronica serpyllifolia,Veronica serpyllifolia,thyme-leaved speedwell,Plantae,55749
42464402,2020/04/18 1:18 PM CEST,2020-04-18,2020-04-18 11:18:00 UTC,Brussels,63000,qgroom,2020-04-18 11:50:25 UTC,2020-06-15 12:09:03 UTC,research,CC0,https://www.inaturalist.org/observations/42464402,https://static.inaturalist.org/photos/67425921/medium.jpeg?1587210525,,"",,2,0,false,,"Tervuren, Belgium",50.8358742256,4.5350933575,21,,,false,,,Grimmia pulvinata,Grimmia pulvinata,Grey-cushioned Grimmia,Plantae,56117
42464404,2020/04/18 1:19 PM CEST,2020-04-18,2020-04-18 11:19:00 UTC,Brussels,63000,qgroom,2020-04-18 11:50:28 UTC,2020-04-18 11:50:42 UTC,research,CC0,https://www.inaturalist.org/observations/42464404,https://static.inaturalist.org/photos/67425930/medium.jpeg?1587210530,,"",,1,0,false,,"Tervuren, Belgium",50.8358742256,4.5350933575,21,,,false,,,Fragolina di bosco,Fragaria vesca,wild strawberry,Plantae,50298
42464405,2020/04/18 1:19 PM CEST,2020-04-18,2020-04-18 11:19:00 UTC,Brussels,63000,qgroom,2020-04-18 11:50:28 UTC,2020-04-18 11:50:44 UTC,research,CC0,https://www.inaturalist.org/observations/42464405,https://static.inaturalist.org/photos/67425938/medium.jpeg?1587210536,,"",,1,0,false,,"Tervuren, Belgium",50.8358742256,4.5350933575,21,,,false,,,Peverina fontana,Cerastium fontanum,mouse-ear chickweed,Plantae,53307
42464406,2020/04/18 1:19 PM CEST,2020-04-18,2020-04-18 11:19:00 UTC,Brussels,63000,qgroom,2020-04-18 11:50:29 UTC,2020-04-18 11:50:29 UTC,needs_id,CC0,https://www.inaturalist.org/observations/42464406,https://static.inaturalist.org/photos/67425946/medium.jpeg?1587210541,,"",,0,0,false,,"Tervuren, Belgium",50.8358742256,4.5350933575,21,,,false,,,Tipulomorpha,Tipulomorpha,Crane Flies,Insecta,179916
42464408,2020/04/18 1:21 PM CEST,2020-04-18,2020-04-18 11:21:00 UTC,Brussels,63000,qgroom,2020-04-18 11:50:30 UTC,2020-04-18 12:12:13 UTC,research,CC0,https://www.inaturalist.org/observations/42464408,https://static.inaturalist.org/photos/67425950/medium.jpeg?1587210546,,"",,1,0,false,,"Tervuren, Belgium",50.8358742256,4.5350933575,21,,open,false,,,Hainschnirkelschnecke,Cepaea nemoralis,Brown-lipped Snail,Mollusca,48586
42962141,2020-04-23 5:29:55 PM GMT+02:00,2020-04-23,2020-04-23 15:29:55 UTC,Africa/Johannesburg,63000,qgroom,2020-04-23 15:57:24 UTC,2020-04-23 20:08:46 UTC,research,CC0,https://www.inaturalist.org/observations/42962141,https://static.inaturalist.org/photos/68218559/medium.jpeg?1587657449,,"",,1,0,false,2,"Vlaams Brabant, Vlaanderen, BE",50.83581763,4.53500112,5,,,false,,,European Nursery Web spider,Pisaura mirabilis,European Nursery Web spider,Arachnida,55787
42962158,2020-04-23 5:30:31 PM GMT+02:00,2020-04-23,2020-04-23 15:30:31 UTC,Africa/Johannesburg,63000,qgroom,2020-04-23 15:57:38 UTC,2020-04-24 16:01:23 UTC,research,CC0,https://www.inaturalist.org/observations/42962158,https://static.inaturalist.org/photos/68218594/medium.jpeg?1587657462,,"",,3,0,false,2,"Tervuren, Belgium",50.83581645,4.53503024,9,,,false,,,Rhopalus subrufus,Rhopalus subrufus,,Insecta,327208
43379215,2020-04-25 4:40:30 PM GMT+02:00,2020-04-25,2020-04-25 14:40:30 UTC,Africa/Johannesburg,63000,qgroom,2020-04-25 17:28:40 UTC,2020-04-26 13:07:32 UTC,research,CC0,https://www.inaturalist.org/observations/43379215,https://static.inaturalist.org/photos/68836056/medium.jpeg?1587835724,,"",,1,0,false,2,"Tervuren, Belgium",50.83597257,4.5350895,7,,,false,,,Cétoine punaise,Valgus hemipterus,,Insecta,338214
43923076,2020-04-27 4:37:22 PM GMT+02:00,2020-04-27,2020-04-27 14:37:22 UTC,Africa/Johannesburg,63000,qgroom,2020-04-27 16:33:34 UTC,2020-04-28 07:24:30 UTC,needs_id,CC0,https://www.inaturalist.org/observations/43923076,https://static.inaturalist.org/photos/69653100/medium.jpeg?1588005220,,"",,0,0,false,2,"Tervuren, Belgium",50.8358109722,4.535241,,,,false,gps,gps,Flesh Flies,Sarcophagidae,Flesh Flies,Insecta,52910
45355639,2020/05/09 1:45 PM CEST,2020-05-09,2020-05-09 11:45:00 UTC,Brussels,63000,qgroom,2020-05-09 12:11:52 UTC,2020-08-10 16:37:21 UTC,needs_id,CC0,https://www.inaturalist.org/observations/45355639,https://static.inaturalist.org/photos/71918770/medium.jpeg?1589025992,,"",,1,0,false,,"Tervuren, Belgium",50.8357970469,4.5351013498,44,,,false,,,Calyptrate Flies,Calyptratae,Calyptrate Flies,Insecta,342767
45355641,2020/05/09 1:43 PM CEST,2020-05-09,2020-05-09 11:43:00 UTC,Brussels,63000,qgroom,2020-05-09 12:11:52 UTC,2020-05-09 13:24:42 UTC,needs_id,CC0,https://www.inaturalist.org/observations/45355641,https://static.inaturalist.org/photos/71918788/medium.jpeg?1589026000,,"",,0,0,false,,"Tervuren, Belgium",50.8357970469,4.5351013498,44,,,false,,,Cabbage White,Pieris rapae,Cabbage White,Insecta,55626
45355642,2020/05/09 1:41 PM CEST,2020-05-09,2020-05-09 11:41:00 UTC,Brussels,63000,qgroom,2020-05-09 12:11:53 UTC,2020-05-10 08:03:35 UTC,research,CC0,https://www.inaturalist.org/observations/45355642,https://static.inaturalist.org/photos/71918793/medium.jpeg?1589026002,,"",,1,0,false,,"Tervuren, Belgium",50.8357970469,4.5351013498,44,,,false,,,mouse-ear chickweed,Cerastium fontanum,mouse-ear chickweed,Plantae,53307
45355648,2020/05/09 1:37 PM CEST,2020-05-09,2020-05-09 11:37:00 UTC,Brussels,63000,qgroom,2020-05-09 12:11:55 UTC,2020-05-09 12:48:17 UTC,research,CC0,https://www.inaturalist.org/observations/45355648,https://static.inaturalist.org/photos/71918800/medium.jpeg?1589026006,,"",,2,0,false,,"Tervuren, Belgium",50.8357970469,4.5351013498,44,,open,false,,,Agrion porte-coupe,Enallagma cyathigerum,Common Blue Damselfly,Insecta,99901
45355650,2020/05/09 1:34 PM CEST,2020-05-09,2020-05-09 11:34:00 UTC,Brussels,63000,qgroom,2020-05-09 12:11:55 UTC,2020-06-01 22:02:39 UTC,needs_id,CC0,https://www.inaturalist.org/observations/45355650,https://static.inaturalist.org/photos/71918817/medium.jpeg?1589026016,,"",,1,0,false,,"Tervuren, Belgium",50.8357970469,4.5351013498,44,,,false,,,Syrphes,Syrphidae,Hover Flies,Insecta,49995
45355652,2020/05/09 1:29 PM CEST,2020-05-09,2020-05-09 11:29:00 UTC,Brussels,63000,qgroom,2020-05-09 12:11:56 UTC,2020-06-06 12:58:31 UTC,research,CC0,https://www.inaturalist.org/observations/45355652,https://static.inaturalist.org/photos/71918828/medium.jpeg?1589026024,,"","",2,0,false,,"Tervuren, Belgium",50.8357970469,4.5351013498,44,,,false,,,Thomise variable,Misumena vatia,Goldenrod Crab Spider,Arachnida,55746
45355657,2020/05/09 1:28 PM CEST,2020-05-09,2020-05-09 11:28:00 UTC,Brussels,63000,qgroom,2020-05-09 12:11:58 UTC,2020-10-27 21:24:10 UTC,research,CC0,https://www.inaturalist.org/observations/45355657,https://static.inaturalist.org/photos/71918830/medium.jpeg?1589026025,,"",,1,0,false,,"Tervuren, Belgium",50.8357970469,4.5351013498,44,,,false,,,Rindenspringspinne,Marpissa muscosa,Fencepost jumping spider,Arachnida,146723
45355658,2020/05/09 1:28 PM CEST,2020-05-09,2020-05-09 11:28:00 UTC,Brussels,63000,qgroom,2020-05-09 12:11:58 UTC,2020-05-21 00:53:28 UTC,research,CC0,https://www.inaturalist.org/observations/45355658,https://static.inaturalist.org/photos/71918835/medium.jpeg?1589026028,,"",,2,0,false,,"Tervuren, Belgium",50.8357970469,4.5351013498,44,,,false,,,Walnut Orbweaver,Nuctenea umbratica,Walnut Orbweaver,Arachnida,130092
45355940,2020/05/09 1:31 PM CEST,2020-05-09,2020-05-09 11:31:00 UTC,Brussels,63000,qgroom,2020-05-09 12:15:41 UTC,2020-05-11 07:17:52 UTC,research,CC0,https://www.inaturalist.org/observations/45355940,https://static.inaturalist.org/photos/71919557/medium.jpeg?1589026499,,"",,2,0,false,,"Tervuren, Belgium",50.8358012072,4.5350394946,61,,open,false,,,Eurasian Blue Tit,Cyanistes caeruleus,Eurasian Blue Tit,Aves,144849
46265880,2020/05/16 4:09 PM CEST,2020-05-16,2020-05-16 14:09:00 UTC,Brussels,63000,qgroom,2020-05-17 17:53:48 UTC,2020-05-18 05:22:51 UTC,needs_id,CC0,https://www.inaturalist.org/observations/46265880,https://static.inaturalist.org/photos/73374959/medium.jpeg?1589737926,,"",,1,0,false,,"Tervuren, Belgium",50.8357605527,4.5349751216,31,,,false,,,Oligia,Oligia,,Insecta,133344
46265881,2020/05/17 1:22 PM CEST,2020-05-17,2020-05-17 11:22:00 UTC,Brussels,63000,qgroom,2020-05-17 17:53:48 UTC,2020-05-18 17:17:43 UTC,research,CC0,https://www.inaturalist.org/observations/46265881,https://static.inaturalist.org/photos/73374983/medium.jpeg?1589737931,,"",,1,0,false,,"Tervuren, Belgium",50.8357605527,4.5349751216,31,,,false,,,Pemphredon,Pemphredon,,Insecta,205173
46265882,2020/05/17 1:24 PM CEST,2020-05-17,2020-05-17 11:24:00 UTC,Brussels,63000,qgroom,2020-05-17 17:53:49 UTC,2020-12-12 07:35:47 UTC,needs_id,CC0,https://www.inaturalist.org/observations/46265882,https://static.inaturalist.org/photos/73375003/medium.jpeg?1589737936,,"",,1,0,false,,"Tervuren, Belgium",50.8357605527,4.5349751216,31,,,false,,,Zweiband-Wiesenschwebfliege,Epistrophe eligans,,Insecta,447104
46265903,2020/05/17 1:25 PM CEST,2020-05-17,2020-05-17 11:25:00 UTC,Brussels,63000,qgroom,2020-05-17 17:53:55 UTC,2020-05-17 17:55:46 UTC,needs_id,CC0,https://www.inaturalist.org/observations/46265903,https://static.inaturalist.org/photos/73375018/medium.jpeg?1589737941,,"",,0,0,false,,"Tervuren, Belgium",50.8357605527,4.5349751216,31,,,false,,,Cryptomyzus ribis,Cryptomyzus ribis,Redcurrant Blister Aphid,Insecta,454348
48689617,2020/05/25 5:33 AM CEST,2020-05-25,2020-05-25 03:33:00 UTC,Brussels,63000,qgroom,2020-06-06 19:27:16 UTC,2020-06-06 19:46:39 UTC,research,CC0,https://www.inaturalist.org/observations/48689617,https://static.inaturalist.org/photos/77267874/medium.jpeg?1591471606,,"","",1,0,false,,"Tervuren, Belgium",50.8360447098,4.5350985032,8,,open,false,,,Common Hedgehog,Erinaceus europaeus,Common Hedgehog,Mammalia,43042
51779731,2020/07/03 12:02 PM CEST,2020-07-03,2020-07-03 10:02:00 UTC,Paris,3277293,sabine108,2020-07-03 10:26:57 UTC,2020-07-03 10:58:22 UTC,research,CC-BY-NC,https://www.inaturalist.org/observations/51779731,https://static.inaturalist.org/photos/82289767/medium.jpg?1593771969,,"",Bee Beetle in our garden,1,0,false,,"Tervuren, Belgium",50.8357232199,4.5349553123,31,,,false,,,French Flower Chafer,Trichius gallicus,French Flower Chafer,Insecta,556666
52353215,2020-07-06 8:23:08 PM GMT+02:00,2020-07-06,2020-07-06 18:23:08 UTC,Africa/Johannesburg,63000,qgroom,2020-07-08 11:26:22 UTC,2020-07-09 11:02:11 UTC,research,CC0,https://www.inaturalist.org/observations/52353215,https://static.inaturalist.org/photos/83220129/medium.jpeg?1594207586,,"",,2,0,false,2,"Vlaams Brabant, Vlaanderen, BE",50.83583805,4.535123,6,,,false,,,Haagwinde,Calystegia sepium,hedge bindweed,Plantae,57481
55016005,2020-07-31 5:33:36 AM GMT+02:00,2020-07-31,2020-07-31 03:33:36 UTC,Africa/Johannesburg,63000,qgroom,2020-08-01 09:27:25 UTC,2020-08-01 15:59:48 UTC,needs_id,CC0,https://www.inaturalist.org/observations/55016005,https://static.inaturalist.org/photos/87576961/medium.jpeg?1596274056,,"",,1,0,false,2,"Tervuren, Belgium",50.835855,4.5351359722,,,,false,gps,gps,Amphipyra berbera - pyramidea,Amphipyra berbera - pyramidea,,Insecta,1111562
56333201,2020-08-13 6:59:05 AM GMT+02:00,2020-08-13,2020-08-13 04:59:05 UTC,Africa/Johannesburg,63000,qgroom,2020-08-13 16:39:10 UTC,2020-08-13 16:47:47 UTC,needs_id,CC0,https://www.inaturalist.org/observations/56333201,https://static.inaturalist.org/photos/89765305/medium.jpeg?1597336754,,"",,0,0,false,2,"Tervuren, Belgium",50.83583641,4.53501258,13,,,false,,,Tuta absoluta,Tuta absoluta,,Insecta,330342
57477933,2020-08-24 10:19:24 PM GMT+02:00,2020-08-24,2020-08-24 20:19:24 UTC,Africa/Johannesburg,63000,qgroom,2020-08-24 20:21:14 UTC,2020-09-17 07:11:12 UTC,research,CC0,https://www.inaturalist.org/observations/57477933,https://static.inaturalist.org/photos/91683883/medium.jpeg?1598300480,,"",,2,0,false,2,"Tervuren, Belgium",50.83586631,4.53490033,9,,,false,,,Agriphila geniculea,Agriphila geniculea,Elbow-striped Grass-veneer,Insecta,334337
57477952,2020-08-24 10:20:02 PM GMT+02:00,2020-08-24,2020-08-24 20:20:02 UTC,Africa/Johannesburg,63000,qgroom,2020-08-24 20:21:26 UTC,2020-09-14 18:03:51 UTC,research,CC0,https://www.inaturalist.org/observations/57477952,https://static.inaturalist.org/photos/91683909/medium.jpeg?1598300490,,"",,2,0,false,2,"Tervuren, Belgium",50.83587995,4.53493267,7,,,false,,,Пяденица крапчатая,Idaea seriata,Small Dusty Wave,Insecta,322983
58342973,2020-09-02 6:39:42 PM GMT+02:00,2020-09-02,2020-09-02 16:39:42 UTC,Africa/Johannesburg,63000,qgroom,2020-09-02 16:55:53 UTC,2020-09-03 08:27:27 UTC,research,CC0,https://www.inaturalist.org/observations/58342973,https://static.inaturalist.org/photos/93139817/medium.jpeg?1599065759,,"",,2,0,false,2,"Tervuren, Belgium",50.835667,4.5350279722,,,,false,gps,gps,Great Green Bush-cricket,Tettigonia viridissima,Great Green Bush-cricket,Insecta,133250
63080193,Tue Oct 20 2020 12:20:06 GMT+0200 (GMT+2),2020-10-20,2020-10-20 10:20:06 UTC,Africa/Johannesburg,2394733,slobirder,2020-10-20 10:20:48 UTC,2020-10-20 10:21:06 UTC,needs_id,CC-BY-NC,https://www.inaturalist.org/observations/63080193,https://static.inaturalist.org/photos/101178275/medium.jpg?1603189263,,"","",0,0,false,3,"Louis Pelserssquare, Tervuren, Flemish Brabant, BE",50.8357277723,4.5340731025,1414,,,false,,,"",Marasmiaceae,pinwheel family,Fungi,49545
63221736,2020-10-22 6:57:43 AM GMT+02:00,2020-10-22,2020-10-22 04:57:43 UTC,Africa/Johannesburg,63000,qgroom,2020-10-22 04:59:12 UTC,2020-10-22 04:59:20 UTC,needs_id,CC0,https://www.inaturalist.org/observations/63221736,https://static.inaturalist.org/photos/101430517/medium.jpeg?1603342757,,"",,0,0,false,2,"Tervuren, Belgium",50.8358389722,4.535171,,,,false,gps,gps,Ophion,Ophion,,Insecta,47993
64923208,2020-11-15 11:17:58 AM GMT+01:00,2020-11-15,2020-11-15 10:17:58 UTC,Brussels,63000,qgroom,2020-11-15 10:19:41 UTC,2020-11-17 23:56:26 UTC,research,CC0,https://www.inaturalist.org/observations/64923208,https://static.inaturalist.org/photos/104454106/medium.jpeg?1605435587,,"",,1,0,false,2,"Tervuren, Belgium",50.8358916,4.5351089,23,,,false,,,Holly Speckle,Trochila ilicina,Holly Speckle,Fungi,339412
